Date,Sales,Cost Of Sales,Quantity Sold,daily_sale_price,Sale_YEAR,Sale_MONTH,Sale_DAY_OF_MONTH,Sale_DAY_NAME,DAY_OF_WEEK_CLASSIFICATION
2013-12-30,223937.9679,230079.621,6827,223937.9679,2013,December,30,Monday,WEEKDAY
2013-12-31,300345.4846,306986.1205,9268,300345.4846,2013,December,31,Tuesday,WEEKDAY
2014-01-01,86782.46773,87986.31821,2678,86782.46773,2014,January,1,Wednesday,WEEKDAY
2014-01-02,200173.1168,202881.1777,6175,200173.1168,2014,January,2,Thursday,WEEKDAY
2014-01-03,326906.0742,333806.2919,10084,326906.0742,2014,January,3,Friday,WEEKDAY
2014-01-04,307043.9354,313652.3483,9470,307043.9354,2014,January,4,Saturday,WEEKEND
2014-01-05,179188.8845,183083.285,5524,179188.8845,2014,January,5,Sunday,WEEKEND
2014-01-06,306351.9509,313446.0681,9448,306351.9509,2014,January,6,Monday,WEEKDAY
2014-01-07,224020.41,229533.9737,6911,224020.41,2014,January,7,Tuesday,WEEKDAY
2014-01-08,101836.4022,99381.96752,2990,101836.4022,2014,January,8,Wednesday,WEEKDAY
2014-01-09,107804.3049,104816.4585,3159,107804.3049,2014,January,9,Thursday,WEEKDAY
2014-01-10,144829.9567,141333.9963,4246,144829.9567,2014,January,10,Friday,WEEKDAY
2014-01-11,146571.4824,143179.67,4297,146571.4824,2014,January,11,Saturday,WEEKEND
2014-01-12,95422.37298,93126.14724,2796,95422.37298,2014,January,12,Sunday,WEEKEND
2014-01-13,114883.1738,112186.3087,3369,114883.1738,2014,January,13,Monday,WEEKDAY
2014-01-14,80090.80008,78096.76018,2348,80090.80008,2014,January,14,Tuesday,WEEKDAY
2014-01-15,98945.37116,97159.00259,2903,98945.37116,2014,January,15,Wednesday,WEEKDAY
2014-01-16,84904.90171,83350.43316,2491,84904.90171,2014,January,16,Thursday,WEEKDAY
2014-01-17,135460.6197,132703.3354,3968,135460.6197,2014,January,17,Friday,WEEKDAY
2014-01-18,149925.7497,146928.4118,4393,149925.7497,2014,January,18,Saturday,WEEKEND
2014-01-19,74297.30718,72782.28432,2176,74297.30718,2014,January,19,Sunday,WEEKEND
2014-01-20,83356.42456,81789.13612,2443,83356.42456,2014,January,20,Monday,WEEKDAY
2014-01-21,89922.01429,88388.91607,2638,89922.01429,2014,January,21,Tuesday,WEEKDAY
2014-01-22,57806.30278,57157.28254,1704,57806.30278,2014,January,22,Wednesday,WEEKDAY
2014-01-23,63977.75035,62863.98724,1872,63977.75035,2014,January,23,Thursday,WEEKDAY
2014-01-24,116958.7998,114823.7952,3423,116958.7998,2014,January,24,Friday,WEEKDAY
2014-01-25,155272.8248,152636.2766,4544,155272.8248,2014,January,25,Saturday,WEEKEND
2014-01-26,82885.21591,81583.16695,2426,82885.21591,2014,January,26,Sunday,WEEKEND
2014-01-27,72353.42588,71377.15646,2117,72353.42588,2014,January,27,Monday,WEEKDAY
2014-01-28,50415.90376,49769.09824,1476,50415.90376,2014,January,28,Tuesday,WEEKDAY
2014-01-29,67458.30189,66529.442,1974,67458.30189,2014,January,29,Wednesday,WEEKDAY
2014-01-30,64640.36931,63757.83987,1892,64640.36931,2014,January,30,Thursday,WEEKDAY
2014-01-31,137693.8735,135609.5076,4030,137693.8735,2014,January,31,Friday,WEEKDAY
2014-02-01,181209.1285,178435.7153,5304,181209.1285,2014,February,1,Saturday,WEEKEND
2014-02-02,113433.581,111466.5168,3320,113433.581,2014,February,2,Sunday,WEEKEND
2014-02-03,143192.5334,140505.6347,4191,143192.5334,2014,February,3,Monday,WEEKDAY
2014-02-04,130126.6499,128496.2877,3809,130126.6499,2014,February,4,Tuesday,WEEKDAY
2014-02-05,187155.8685,195078.6033,5764,187155.8685,2014,February,5,Wednesday,WEEKDAY
2014-02-06,102314.7096,101977.99,3028,102314.7096,2014,February,6,Thursday,WEEKDAY
2014-02-07,301553.8426,313529.1877,9284,301553.8426,2014,February,7,Friday,WEEKDAY
2014-02-08,316073.1775,329754.7795,9737,316073.1775,2014,February,8,Saturday,WEEKEND
2014-02-09,135178.0426,141530.7087,4163,135178.0426,2014,February,9,Sunday,WEEKEND
2014-02-10,147727.5162,154828.6846,4552,147727.5162,2014,February,10,Monday,WEEKDAY
2014-02-11,135498.7464,139824.1616,4172,135498.7464,2014,February,11,Tuesday,WEEKDAY
2014-02-12,163432.8452,166893.3689,5037,163432.8452,2014,February,12,Wednesday,WEEKDAY
2014-02-13,138291.6333,141027.4345,4259,138291.6333,2014,February,13,Thursday,WEEKDAY
2014-02-14,336901.3717,343519.8755,10381,336901.3717,2014,February,14,Friday,WEEKDAY
2014-02-15,367729.2682,373973.5933,11332,367729.2682,2014,February,15,Saturday,WEEKEND
2014-02-16,133913.8414,136797.0774,4127,133913.8414,2014,February,16,Sunday,WEEKEND
2014-02-17,150800.347,152887.1064,4649,150800.347,2014,February,17,Monday,WEEKDAY
2014-02-18,55591.93034,53463.24421,1627,55591.93034,2014,February,18,Tuesday,WEEKDAY
2014-02-19,106427.1918,107736.4441,3281,106427.1918,2014,February,19,Wednesday,WEEKDAY
2014-02-20,78940.55442,75934.39482,2310,78940.55442,2014,February,20,Thursday,WEEKDAY
2014-02-21,317916.3179,322089.789,9802,317916.3179,2014,February,21,Friday,WEEKDAY
2014-02-22,309217.8756,320116.9243,9772,309217.8756,2014,February,22,Saturday,WEEKEND
2014-02-23,138491.55,140752.6016,4270,138491.55,2014,February,23,Sunday,WEEKEND
2014-02-24,133146.2222,134505.4042,4106,133146.2222,2014,February,24,Monday,WEEKDAY
2014-02-25,224994.6562,227546.4466,6937,224994.6562,2014,February,25,Tuesday,WEEKDAY
2014-02-26,225051.5915,228214.1421,6934,225051.5915,2014,February,26,Wednesday,WEEKDAY
2014-02-27,344299.6824,365935.653,11082,344299.6824,2014,February,27,Thursday,WEEKDAY
2014-02-28,661876.5,686656.791,20805,661876.5,2014,February,28,Friday,WEEKDAY
2014-03-01,846678.3882,872081.585,26410,846678.3882,2014,March,1,Saturday,WEEKEND
2014-03-02,478902.3049,495554.4499,15004,478902.3049,2014,March,2,Sunday,WEEKEND
2014-03-03,538827.2021,557567.137,16884,538827.2021,2014,March,3,Monday,WEEKDAY
2014-03-04,310346.1213,323325.0299,9789,310346.1213,2014,March,4,Tuesday,WEEKDAY
2014-03-05,256390.5222,267308.5071,8079,256390.5222,2014,March,5,Wednesday,WEEKDAY
2014-03-06,167803.6598,168135.69,5072,167803.6598,2014,March,6,Thursday,WEEKDAY
2014-03-07,465318.0215,483774.5967,14551,465318.0215,2014,March,7,Friday,WEEKDAY
2014-03-08,520146.7496,541498.9582,16262,520146.7496,2014,March,8,Saturday,WEEKEND
2014-03-09,224699.2528,233589.983,7014,224699.2528,2014,March,9,Sunday,WEEKEND
2014-03-10,286230.6789,297642.8914,8932,286230.6789,2014,March,10,Monday,WEEKDAY
2014-03-11,187143.0181,191499.0428,5737,187143.0181,2014,March,11,Tuesday,WEEKDAY
2014-03-12,191700.3891,197153.424,5903,191700.3891,2014,March,12,Wednesday,WEEKDAY
2014-03-13,164663.9676,168975.174,5056,164663.9676,2014,March,13,Thursday,WEEKDAY
2014-03-14,395941.3451,406765.914,12167,395941.3451,2014,March,14,Friday,WEEKDAY
2014-03-15,518183.2104,534383.1431,15971,518183.2104,2014,March,15,Saturday,WEEKEND
2014-03-16,226617.9549,233191.1046,6968,226617.9549,2014,March,16,Sunday,WEEKEND
2014-03-17,243707.8719,250794.2213,7494,243707.8719,2014,March,17,Monday,WEEKDAY
2014-03-18,94849.7438,90571.58892,2707,94849.7438,2014,March,18,Tuesday,WEEKDAY
2014-03-19,92386.78307,88255.84099,2637,92386.78307,2014,March,19,Wednesday,WEEKDAY
2014-03-20,180394.8277,172344.3044,5149,180394.8277,2014,March,20,Thursday,WEEKDAY
2014-03-21,200939.6924,192019.1443,5735,200939.6924,2014,March,21,Friday,WEEKDAY
2014-03-22,172953.9247,165201.305,4936,172953.9247,2014,March,22,Saturday,WEEKEND
2014-03-23,70194.79954,67061.62271,2003,70194.79954,2014,March,23,Sunday,WEEKEND
2014-03-24,81378.21463,77703.64633,2323,81378.21463,2014,March,24,Monday,WEEKDAY
2014-03-25,130227.0147,127394.2892,3822,130227.0147,2014,March,25,Tuesday,WEEKDAY
2014-03-26,125310.0364,122275.1026,3666,125310.0364,2014,March,26,Wednesday,WEEKDAY
2014-03-27,119452.3396,118186.575,3543,119452.3396,2014,March,27,Thursday,WEEKDAY
2014-03-28,276174.7693,271550.8956,8130,276174.7693,2014,March,28,Friday,WEEKDAY
2014-03-29,357369.2669,352250.8301,10518,357369.2669,2014,March,29,Saturday,WEEKEND
2014-03-30,163865.4903,160525.4269,4791,163865.4903,2014,March,30,Sunday,WEEKEND
2014-03-31,190719.6145,187072.5952,5583,190719.6145,2014,March,31,Monday,WEEKDAY
2014-04-01,244535.2052,239700.6848,7155,244535.2052,2014,April,1,Tuesday,WEEKDAY
2014-04-02,155620.5038,153366.0188,4575,155620.5038,2014,April,2,Wednesday,WEEKDAY
2014-04-03,136001.9782,134523.0686,3997,136001.9782,2014,April,3,Thursday,WEEKDAY
2014-04-04,190559.8875,187742.3,5558,190559.8875,2014,April,4,Friday,WEEKDAY
2014-04-05,217110.5025,213540.7342,6320,217110.5025,2014,April,5,Saturday,WEEKEND
2014-04-06,119190.1,116856.3146,3447,119190.1,2014,April,6,Sunday,WEEKEND
2014-04-07,131910.1975,130784.4447,3854,131910.1975,2014,April,7,Monday,WEEKDAY
2014-04-08,118921.3077,115305.8052,3394,118921.3077,2014,April,8,Tuesday,WEEKDAY
2014-04-09,124828.2828,121264.7031,3563,124828.2828,2014,April,9,Wednesday,WEEKDAY
2014-04-10,179326.4902,183278.5024,5380,179326.4902,2014,April,10,Thursday,WEEKDAY
2014-04-11,318949.8171,326322.526,9573,318949.8171,2014,April,11,Friday,WEEKDAY
2014-04-12,375031.1093,383727.194,11250,375031.1093,2014,April,12,Saturday,WEEKEND
2014-04-13,166393.5407,170061.8641,4990,166393.5407,2014,April,13,Sunday,WEEKEND
2014-04-14,193652.3278,198212.0687,5810,193652.3278,2014,April,14,Monday,WEEKDAY
2014-04-15,249805.5172,255956.654,7497,249805.5172,2014,April,15,Tuesday,WEEKDAY
2014-04-16,294023.4109,301522.3523,8821,294023.4109,2014,April,16,Wednesday,WEEKDAY
2014-04-17,612236.0058,627927.7587,18366,612236.0058,2014,April,17,Thursday,WEEKDAY
2014-04-18,464815.5179,476692.5437,13940,464815.5179,2014,April,18,Friday,WEEKDAY
2014-04-19,360480.9404,369765.6128,10814,360480.9404,2014,April,19,Saturday,WEEKEND
2014-04-20,114279.5773,117190.8262,3429,114279.5773,2014,April,20,Sunday,WEEKEND
2014-04-21,161170.8204,165415.0838,4834,161170.8204,2014,April,21,Monday,WEEKDAY
2014-04-22,182483.1465,187344.7372,5475,182483.1465,2014,April,22,Tuesday,WEEKDAY
2014-04-23,109358.4125,106849.8988,3121,109358.4125,2014,April,23,Wednesday,WEEKDAY
2014-04-24,98430.11411,96197.48223,2809,98430.11411,2014,April,24,Thursday,WEEKDAY
2014-04-25,295741.347,292327.0283,8537,295741.347,2014,April,25,Friday,WEEKDAY
2014-04-26,285053.9799,281159.5811,8209,285053.9799,2014,April,26,Saturday,WEEKEND
2014-04-27,124964.7965,123042.159,3592,124964.7965,2014,April,27,Sunday,WEEKEND
2014-04-28,124175.8084,122516.0657,3576,124175.8084,2014,April,28,Monday,WEEKDAY
2014-04-29,131842.5716,130405.2639,3807,131842.5716,2014,April,29,Tuesday,WEEKDAY
2014-04-30,154850.0573,150644.3482,4398,154850.0573,2014,April,30,Wednesday,WEEKDAY
2014-05-01,180294.2687,175656.6504,5124,180294.2687,2014,May,1,Thursday,WEEKDAY
2014-05-02,163849.0358,157300.6256,4581,163849.0358,2014,May,2,Friday,WEEKDAY
2014-05-03,131436.7924,127601.9447,3697,131436.7924,2014,May,3,Saturday,WEEKEND
2014-05-04,93082.04396,91601.50654,2642,93082.04396,2014,May,4,Sunday,WEEKEND
2014-05-05,110887.0133,109460.1532,3154,110887.0133,2014,May,5,Monday,WEEKDAY
2014-05-06,119385.5754,115693.1066,3324,119385.5754,2014,May,6,Tuesday,WEEKDAY
2014-05-07,91719.58938,93157.17058,2677,91719.58938,2014,May,7,Wednesday,WEEKDAY
2014-05-08,96335.44895,93696.21614,2683,96335.44895,2014,May,8,Thursday,WEEKDAY
2014-05-09,303226.2984,325836.9401,9328,303226.2984,2014,May,9,Friday,WEEKDAY
2014-05-10,431695.7092,465253.8157,13306,431695.7092,2014,May,10,Saturday,WEEKEND
2014-05-11,200407.2771,215907.8249,6173,200407.2771,2014,May,11,Sunday,WEEKEND
2014-05-12,183413.7083,197835.4951,5653,183413.7083,2014,May,12,Monday,WEEKDAY
2014-05-13,146166.6011,157693.1893,4503,146166.6011,2014,May,13,Tuesday,WEEKDAY
2014-05-14,201120.7276,218098.7619,6253,201120.7276,2014,May,14,Wednesday,WEEKDAY
2014-05-15,270123.5508,289864.7985,8408,270123.5508,2014,May,15,Thursday,WEEKDAY
2014-05-16,415315.3839,441790.7672,12949,415315.3839,2014,May,16,Friday,WEEKDAY
2014-05-17,498716.9976,526707.377,15508,498716.9976,2014,May,17,Saturday,WEEKEND
2014-05-18,166433.1721,174376.6325,5141,166433.1721,2014,May,18,Sunday,WEEKEND
2014-05-19,168520.6294,175540.1155,5194,168520.6294,2014,May,19,Monday,WEEKDAY
2014-05-20,178123.5321,187748.1722,5550,178123.5321,2014,May,20,Tuesday,WEEKDAY
2014-05-21,194878.8026,204460.6654,6070,194878.8026,2014,May,21,Wednesday,WEEKDAY
2014-05-22,115475.0969,115011.3226,3421,115475.0969,2014,May,22,Thursday,WEEKDAY
2014-05-23,430521.0245,449274.1863,13384,430521.0245,2014,May,23,Friday,WEEKDAY
2014-05-24,590642.8257,614245.7941,18356,590642.8257,2014,May,24,Saturday,WEEKEND
2014-05-25,210764.718,217364.463,6500,210764.718,2014,May,25,Sunday,WEEKEND
2014-05-26,218189.3485,225607.5952,6752,218189.3485,2014,May,26,Monday,WEEKDAY
2014-05-27,226132.4639,234496.5128,7023,226132.4639,2014,May,27,Tuesday,WEEKDAY
2014-05-28,243720.868,252929.2947,7579,243720.868,2014,May,28,Wednesday,WEEKDAY
2014-05-29,207429.429,215118.8465,6448,207429.429,2014,May,29,Thursday,WEEKDAY
2014-05-30,503149.4313,521651.0861,15637,503149.4313,2014,May,30,Friday,WEEKDAY
2014-05-31,603748.7895,626259.3868,18775,603748.7895,2014,May,31,Saturday,WEEKEND
2014-06-01,456017.4631,473223.9807,14188,456017.4631,2014,June,1,Sunday,WEEKEND
2014-06-02,425845.196,442155.9912,13256,425845.196,2014,June,2,Monday,WEEKDAY
2014-06-03,328217.77,340913.5917,10223,328217.77,2014,June,3,Tuesday,WEEKDAY
2014-06-04,286405.9988,296902.6725,8904,286405.9988,2014,June,4,Wednesday,WEEKDAY
2014-06-05,184989.8887,192824.8901,5783,184989.8887,2014,June,5,Thursday,WEEKDAY
2014-06-06,288118.3044,300213.5594,9005,288118.3044,2014,June,6,Friday,WEEKDAY
2014-06-07,391930.878,407438.9196,12222,391930.878,2014,June,7,Saturday,WEEKEND
2014-06-08,193772.5811,201254.7125,6037,193772.5811,2014,June,8,Sunday,WEEKEND
2014-06-09,214177.9834,220255.2192,6607,214177.9834,2014,June,9,Monday,WEEKDAY
2014-06-10,188334.5212,195254.781,5857,188334.5212,2014,June,10,Tuesday,WEEKDAY
2014-06-11,174324.9948,180978.601,5429,174324.9948,2014,June,11,Wednesday,WEEKDAY
2014-06-12,200271.5643,207757.703,6232,200271.5643,2014,June,12,Thursday,WEEKDAY
2014-06-13,468701.6302,486180.5444,14585,468701.6302,2014,June,13,Friday,WEEKDAY
2014-06-14,473425.7542,492135.2923,14745,473425.7542,2014,June,14,Saturday,WEEKEND
2014-06-15,224232.1214,233554.0322,6991,224232.1214,2014,June,15,Sunday,WEEKEND
2014-06-16,185606.275,193340.3154,5788,185606.275,2014,June,16,Monday,WEEKDAY
2014-06-17,212687.5094,221403.645,6632,212687.5094,2014,June,17,Tuesday,WEEKDAY
2014-06-18,184259.6924,192057.5108,5752,184259.6924,2014,June,18,Wednesday,WEEKDAY
2014-06-19,113735.8162,119544.0198,3578,113735.8162,2014,June,19,Thursday,WEEKDAY
2014-06-20,203165.083,205350.6431,6119,203165.083,2014,June,20,Friday,WEEKDAY
2014-06-21,203345.2446,206918.9126,6161,203345.2446,2014,June,21,Saturday,WEEKEND
2014-06-22,134944.489,135372.527,4015,134944.489,2014,June,22,Sunday,WEEKEND
2014-06-23,138298.2102,139206.0269,4133,138298.2102,2014,June,23,Monday,WEEKDAY
2014-06-24,36692.67986,35299.06424,1047,36692.67986,2014,June,24,Tuesday,WEEKDAY
2014-06-25,56077.54269,53925.25763,1601,56077.54269,2014,June,25,Wednesday,WEEKDAY
2014-06-26,55780.70745,53688.2412,1592,55780.70745,2014,June,26,Thursday,WEEKDAY
2014-06-27,131721.2383,127302.4271,3759,131721.2383,2014,June,27,Friday,WEEKDAY
2014-06-28,146169.0766,141012.3294,4172,146169.0766,2014,June,28,Saturday,WEEKEND
2014-06-29,62073.58541,60083.86984,1772,62073.58541,2014,June,29,Sunday,WEEKEND
2014-06-30,93619.84699,90294.37609,2672,93619.84699,2014,June,30,Monday,WEEKDAY
2014-07-01,180183.0314,173842.9209,5143,180183.0314,2014,July,1,Tuesday,WEEKDAY
2014-07-02,104760.7062,101615.732,2990,104760.7062,2014,July,2,Wednesday,WEEKDAY
2014-07-03,93450.53368,90927.08966,2667,93450.53368,2014,July,3,Thursday,WEEKDAY
2014-07-04,98087.5559,95423.27399,2799,98087.5559,2014,July,4,Friday,WEEKDAY
2014-07-05,117562.2629,114395.6276,3355,117562.2629,2014,July,5,Saturday,WEEKEND
2014-07-06,70153.08097,68252.24221,2002,70153.08097,2014,July,6,Sunday,WEEKEND
2014-07-07,68918.41529,66990.88135,1967,68918.41529,2014,July,7,Monday,WEEKDAY
2014-07-08,108417.4028,105373.3,3094,108417.4028,2014,July,8,Tuesday,WEEKDAY
2014-07-09,81802.60821,79496.49424,2335,81802.60821,2014,July,9,Wednesday,WEEKDAY
2014-07-10,103998.5597,101270.9711,2968,103998.5597,2014,July,10,Thursday,WEEKDAY
2014-07-11,134018.0893,130633.2627,3825,134018.0893,2014,July,11,Friday,WEEKDAY
2014-07-12,99277.2995,96688.49781,2833,99277.2995,2014,July,12,Saturday,WEEKEND
2014-07-13,49705.232,48370.30899,1419,49705.232,2014,July,13,Sunday,WEEKEND
2014-07-14,75384.57455,73393.44659,2151,75384.57455,2014,July,14,Monday,WEEKDAY
2014-07-15,110288.2342,107437.381,3148,110288.2342,2014,July,15,Tuesday,WEEKDAY
2014-07-16,156536.6862,164641.354,4825,156536.6862,2014,July,16,Wednesday,WEEKDAY
2014-07-17,80823.0592,78844.8605,2307,80823.0592,2014,July,17,Thursday,WEEKDAY
2014-07-18,124615.6856,121612.1789,3557,124615.6856,2014,July,18,Friday,WEEKDAY
2014-07-19,242758.9505,255779.8545,7485,242758.9505,2014,July,19,Saturday,WEEKEND
2014-07-20,85078.24369,83020.51413,2428,85078.24369,2014,July,20,Sunday,WEEKEND
2014-07-21,86738.06743,84643.27183,2475,86738.06743,2014,July,21,Monday,WEEKDAY
2014-07-22,56673.61581,55278.70783,1618,56673.61581,2014,July,22,Tuesday,WEEKDAY
2014-07-23,165742.1705,173725.3575,5106,165742.1705,2014,July,23,Wednesday,WEEKDAY
2014-07-24,95618.2488,92416.90384,2729,95618.2488,2014,July,24,Thursday,WEEKDAY
2014-07-25,515698.7958,538260.2718,15897,515698.7958,2014,July,25,Friday,WEEKDAY
2014-07-26,562590.3665,586670.5141,17343,562590.3665,2014,July,26,Saturday,WEEKEND
2014-07-27,266305.9259,277238.0104,8207,266305.9259,2014,July,27,Sunday,WEEKEND
2014-07-28,292634.7457,304508.379,9018,292634.7457,2014,July,28,Monday,WEEKDAY
2014-07-29,212360.9931,221017.0731,6548,212360.9931,2014,July,29,Tuesday,WEEKDAY
2014-07-30,198019.3321,205903.8249,6102,198019.3321,2014,July,30,Wednesday,WEEKDAY
2014-07-31,295508.3273,307222.3954,9108,295508.3273,2014,July,31,Thursday,WEEKDAY
2014-08-01,611894.6732,636341.3159,18867,611894.6732,2014,August,1,Friday,WEEKDAY
2014-08-02,628685.2188,653779.9635,19384,628685.2188,2014,August,2,Saturday,WEEKEND
2014-08-03,307272.6837,319500.0095,9473,307272.6837,2014,August,3,Sunday,WEEKEND
2014-08-04,362106.5326,376645.7509,11170,362106.5326,2014,August,4,Monday,WEEKDAY
2014-08-05,262349.591,272809.2904,8091,262349.591,2014,August,5,Tuesday,WEEKDAY
2014-08-06,80697.9035,77649.63653,2303,80697.9035,2014,August,6,Wednesday,WEEKDAY
2014-08-07,103272.6227,99367.23322,2947,103272.6227,2014,August,7,Thursday,WEEKDAY
2014-08-08,439421.4221,456509.6219,13542,439421.4221,2014,August,8,Friday,WEEKDAY
2014-08-09,408616.3506,424340.9494,12588,408616.3506,2014,August,9,Saturday,WEEKEND
2014-08-10,195866.773,203331.4348,6032,195866.773,2014,August,10,Sunday,WEEKEND
2014-08-11,232347.3532,241134.5278,7158,232347.3532,2014,August,11,Monday,WEEKDAY
2014-08-12,190325.1811,197438.1116,5863,190325.1811,2014,August,12,Tuesday,WEEKDAY
2014-08-13,197698.1186,205114.1289,6092,197698.1186,2014,August,13,Wednesday,WEEKDAY
2014-08-14,177908.8356,184687.5291,5485,177908.8356,2014,August,14,Thursday,WEEKDAY
2014-08-15,473321.8825,491559.423,14587,473321.8825,2014,August,15,Friday,WEEKDAY
2014-08-16,541600.8922,562953.3708,16686,541600.8922,2014,August,16,Saturday,WEEKEND
2014-08-17,239513.979,249203.1208,7380,239513.979,2014,August,17,Sunday,WEEKEND
2014-08-18,255224.2226,265532.5462,7864,255224.2226,2014,August,18,Monday,WEEKDAY
2014-08-19,160372.0397,167021.1578,4941,160372.0397,2014,August,19,Tuesday,WEEKDAY
2014-08-20,171587.3323,174723.1754,5151,171587.3323,2014,August,20,Wednesday,WEEKDAY
2014-08-21,164208.0606,167239.6488,4928,164208.0606,2014,August,21,Thursday,WEEKDAY
2014-08-22,376778.8357,384006.0453,11309,376778.8357,2014,August,22,Friday,WEEKDAY
2014-08-23,453633.474,463250.0713,13613,453633.474,2014,August,23,Saturday,WEEKEND
2014-08-24,214392.4009,218347.7978,6424,214392.4009,2014,August,24,Sunday,WEEKEND
2014-08-25,316404.0623,323293.3966,9493,316404.0623,2014,August,25,Monday,WEEKDAY
2014-08-26,242824.5013,259860.5125,7619,242824.5013,2014,August,26,Tuesday,WEEKDAY
2014-08-27,274712.2533,304334.7846,8909,274712.2533,2014,August,27,Wednesday,WEEKDAY
2014-08-28,258066.1694,287168.5661,8400,258066.1694,2014,August,28,Thursday,WEEKDAY
2014-08-29,594007.2132,660937.8048,19317,594007.2132,2014,August,29,Friday,WEEKDAY
2014-08-30,717096.7128,797788.892,23310,717096.7128,2014,August,30,Saturday,WEEKEND
2014-08-31,358170.9963,398562.6074,11646,358170.9963,2014,August,31,Sunday,WEEKEND
2014-09-01,594953.6349,662850.9908,19366,594953.6349,2014,September,1,Monday,WEEKDAY
2014-09-02,469469.941,523480.3033,15291,469469.941,2014,September,2,Tuesday,WEEKDAY
2014-09-03,464067.7993,517180.5433,15100,464067.7993,2014,September,3,Wednesday,WEEKDAY
2014-09-04,312311.954,348177.1205,10164,312311.954,2014,September,4,Thursday,WEEKDAY
2014-09-05,501279.0004,558766.6903,16310,501279.0004,2014,September,5,Friday,WEEKDAY
2014-09-06,552703.9038,616169.8514,17985,552703.9038,2014,September,6,Saturday,WEEKEND
2014-09-07,234153.7622,261088.3864,7620,234153.7622,2014,September,7,Sunday,WEEKEND
2014-09-08,244481.4977,272633.3998,7958,244481.4977,2014,September,8,Monday,WEEKDAY
2014-09-09,122749.6353,120070.9502,3503,122749.6353,2014,September,9,Tuesday,WEEKDAY
2014-09-10,78736.40284,77071.54271,2247,78736.40284,2014,September,10,Wednesday,WEEKDAY
2014-09-11,70875.11067,69489.36085,2023,70875.11067,2014,September,11,Thursday,WEEKDAY
2014-09-12,148634.3914,145956.1397,4242,148634.3914,2014,September,12,Friday,WEEKDAY
2014-09-13,171724.8288,168652.2036,4901,171724.8288,2014,September,13,Saturday,WEEKEND
2014-09-14,86435.69883,84948.37458,2467,86435.69883,2014,September,14,Sunday,WEEKEND
2014-09-15,120236.1827,118094.0432,3432,120236.1827,2014,September,15,Monday,WEEKDAY
2014-09-16,83204.19669,81753.42459,2375,83204.19669,2014,September,16,Tuesday,WEEKDAY
2014-09-17,73768.03473,72471.91932,2105,73768.03473,2014,September,17,Wednesday,WEEKDAY
2014-09-18,69425.44512,68280.38328,1982,69425.44512,2014,September,18,Thursday,WEEKDAY
2014-09-19,137154.9541,135276.9096,3915,137154.9541,2014,September,19,Friday,WEEKDAY
2014-09-20,153569.0619,151376.1356,4383,153569.0619,2014,September,20,Saturday,WEEKEND
2014-09-21,75633.32059,74546.66825,2159,75633.32059,2014,September,21,Sunday,WEEKEND
2014-09-22,90815.92981,89653.63759,2592,90815.92981,2014,September,22,Monday,WEEKDAY
2014-09-23,110118.1564,108880.409,3143,110118.1564,2014,September,23,Tuesday,WEEKDAY
2014-09-24,209908.3831,223554.0866,6457,209908.3831,2014,September,24,Wednesday,WEEKDAY
2014-09-25,358365.683,382967.9832,11039,358365.683,2014,September,25,Thursday,WEEKDAY
2014-09-26,585463.996,625980.9302,18036,585463.996,2014,September,26,Friday,WEEKDAY
2014-09-27,617019.0915,661010.5913,19017,617019.0915,2014,September,27,Saturday,WEEKEND
2014-09-28,283850.5971,304440.6515,8747,283850.5971,2014,September,28,Sunday,WEEKEND
2014-09-29,264317.1104,283912.9687,8147,264317.1104,2014,September,29,Monday,WEEKDAY
2014-09-30,358024.9813,384823.4399,11036,358024.9813,2014,September,30,Tuesday,WEEKDAY
2014-10-01,594438.2808,639306.5688,18330,594438.2808,2014,October,1,Wednesday,WEEKDAY
2014-10-02,470507.663,506072.0333,14503,470507.663,2014,October,2,Thursday,WEEKDAY
2014-10-03,518693.5287,557939.3693,15986,518693.5287,2014,October,3,Friday,WEEKDAY
2014-10-04,656245.8284,705891.3003,20223,656245.8284,2014,October,4,Saturday,WEEKEND
2014-10-05,280055.1177,301279.655,8631,280055.1177,2014,October,5,Sunday,WEEKEND
2014-10-06,375648.0175,404178.9211,11579,375648.0175,2014,October,6,Monday,WEEKDAY
2014-10-07,78111.71646,74251.87473,2127,78111.71646,2014,October,7,Tuesday,WEEKDAY
2014-10-08,70509.13279,67141.97963,1923,70509.13279,2014,October,8,Wednesday,WEEKDAY
2014-10-09,103281.311,98065.93908,2809,103281.311,2014,October,9,Thursday,WEEKDAY
2014-10-10,179841.4318,170757.5812,4891,179841.4318,2014,October,10,Friday,WEEKDAY
2014-10-11,138038.2398,131192.3168,3758,138038.2398,2014,October,11,Saturday,WEEKEND
2014-10-12,61037.56223,57992.34151,1661,61037.56223,2014,October,12,Sunday,WEEKEND
2014-10-13,86799.75945,82392.33326,2360,86799.75945,2014,October,13,Monday,WEEKDAY
2014-10-14,69570.50147,66313.94098,1894,69570.50147,2014,October,14,Tuesday,WEEKDAY
2014-10-15,130476.3553,124398.4316,3548,130476.3553,2014,October,15,Wednesday,WEEKDAY
2014-10-16,95229.77348,91087.85134,2591,95229.77348,2014,October,16,Thursday,WEEKDAY
2014-10-17,121057.8613,116949.7913,3293,121057.8613,2014,October,17,Friday,WEEKDAY
2014-10-18,169498.9164,164492.9466,4611,169498.9164,2014,October,18,Saturday,WEEKEND
2014-10-19,90692.37588,87911.21158,2468,90692.37588,2014,October,19,Sunday,WEEKEND
2014-10-20,101723.915,98870.81188,2773,101723.915,2014,October,20,Monday,WEEKDAY
2014-10-21,103395.6913,100424.1557,2815,103395.6913,2014,October,21,Tuesday,WEEKDAY
2014-10-22,99075.5991,96511.72216,2701,99075.5991,2014,October,22,Wednesday,WEEKDAY
2014-10-23,97476.14472,94763.84255,2651,97476.14472,2014,October,23,Thursday,WEEKDAY
2014-10-24,248974.6528,241961.1432,6781,248974.6528,2014,October,24,Friday,WEEKDAY
2014-10-25,302721.6833,294129.6711,8249,302721.6833,2014,October,25,Saturday,WEEKEND
2014-10-26,128520.7278,124739.2339,3502,128520.7278,2014,October,26,Sunday,WEEKEND
2014-10-27,145185.2683,140651.9372,3949,145185.2683,2014,October,27,Monday,WEEKDAY
2014-10-28,89527.55663,87067.05132,2435,89527.55663,2014,October,28,Tuesday,WEEKDAY
2014-10-29,81991.88284,80112.54801,2232,81991.88284,2014,October,29,Wednesday,WEEKDAY
2014-10-30,69704.49111,68293.09639,1898,69704.49111,2014,October,30,Thursday,WEEKDAY
2014-10-31,166652.3948,163319.7165,4537,166652.3948,2014,October,31,Friday,WEEKDAY
2014-11-01,247453.1022,242638.8012,6730,247453.1022,2014,November,1,Saturday,WEEKEND
2014-11-02,148476.1812,145646.3368,4038,148476.1812,2014,November,2,Sunday,WEEKEND
2014-11-03,205368.9226,201281.239,5581,205368.9226,2014,November,3,Monday,WEEKDAY
2014-11-04,99244.68185,90949.44225,2519,99244.68185,2014,November,4,Tuesday,WEEKDAY
2014-11-05,72756.8631,67872.77433,1847,72756.8631,2014,November,5,Wednesday,WEEKDAY
2014-11-06,86867.45808,84486.08609,2309,86867.45808,2014,November,6,Thursday,WEEKDAY
2014-11-07,140167.8039,136539.2033,3722,140167.8039,2014,November,7,Friday,WEEKDAY
2014-11-08,160727.3028,156700.825,4268,160727.3028,2014,November,8,Saturday,WEEKEND
2014-11-09,74115.62878,71994.34639,1968,74115.62878,2014,November,9,Sunday,WEEKEND
2014-11-10,76103.29152,73967.60569,2016,76103.29152,2014,November,10,Monday,WEEKDAY
2014-11-11,56303.36657,54996.86661,1497,56303.36657,2014,November,11,Tuesday,WEEKDAY
2014-11-12,49436.81586,48289.89228,1314,49436.81586,2014,November,12,Wednesday,WEEKDAY
2014-11-13,55033.1224,53997.21887,1466,55033.1224,2014,November,13,Thursday,WEEKDAY
2014-11-14,149808.1659,146994.8955,3984,149808.1659,2014,November,14,Friday,WEEKDAY
2014-11-15,180685.5107,176898.2778,4802,180685.5107,2014,November,15,Saturday,WEEKEND
2014-11-16,75871.43677,73905.81016,2017,75871.43677,2014,November,16,Sunday,WEEKEND
2014-11-17,86313.33408,84418.78911,2297,86313.33408,2014,November,17,Monday,WEEKDAY
2014-11-18,62631.79875,61158.36109,1665,62631.79875,2014,November,18,Tuesday,WEEKDAY
2014-11-19,48529.10336,47409.55406,1291,48529.10336,2014,November,19,Wednesday,WEEKDAY
2014-11-20,51040.88137,50038.14263,1361,51040.88137,2014,November,20,Thursday,WEEKDAY
2014-11-21,53973.92224,47192.49828,1281,53973.92224,2014,November,21,Friday,WEEKDAY
2014-11-22,47497.98253,41179.08825,1122,47497.98253,2014,November,22,Saturday,WEEKEND
2014-11-23,31219.95153,26893.30468,737,31219.95153,2014,November,23,Sunday,WEEKEND
2014-11-24,26870.32387,23516.04172,641,26870.32387,2014,November,24,Monday,WEEKDAY
2014-11-25,40530.64229,35674.19076,968,40530.64229,2014,November,25,Tuesday,WEEKDAY
2014-11-26,30371.43134,26054.84917,709,30371.43134,2014,November,26,Wednesday,WEEKDAY
2014-11-27,37776.65877,32719.68964,880,37776.65877,2014,November,27,Thursday,WEEKDAY
2014-11-28,46818.20532,40652.57641,1096,46818.20532,2014,November,28,Friday,WEEKDAY
2014-11-29,88321.62555,79880.24368,2068,88321.62555,2014,November,29,Saturday,WEEKEND
2014-11-30,101037.8278,93177.8847,2375,101037.8278,2014,November,30,Sunday,WEEKEND
2014-12-01,105100.6676,97257.39467,2492,105100.6676,2014,December,1,Monday,WEEKDAY
2014-12-02,88219.52549,85533.42892,2170,88219.52549,2014,December,2,Tuesday,WEEKDAY
2014-12-03,71590.36929,69654.93031,1784,71590.36929,2014,December,3,Wednesday,WEEKDAY
2014-12-04,54996.62169,54503.02855,1368,54996.62169,2014,December,4,Thursday,WEEKDAY
2014-12-05,77884.18161,77619.29489,1914,77884.18161,2014,December,5,Friday,WEEKDAY
2014-12-06,150370.1167,154998.8346,3765,150370.1167,2014,December,6,Saturday,WEEKEND
2014-12-07,104675.3761,111903.7379,2712,104675.3761,2014,December,7,Sunday,WEEKEND
2014-12-08,90121.53048,91081.66819,2222,90121.53048,2014,December,8,Monday,WEEKDAY
2014-12-09,75425.4437,77014.25596,1861,75425.4437,2014,December,9,Tuesday,WEEKDAY
2014-12-10,161844.8094,169348.5186,4095,161844.8094,2014,December,10,Wednesday,WEEKDAY
2014-12-11,158603.357,171692.9936,4157,158603.357,2014,December,11,Thursday,WEEKDAY
2014-12-12,279092.096,301236.1099,7259,279092.096,2014,December,12,Friday,WEEKDAY
2014-12-13,369350.9895,402564.6786,9654,369350.9895,2014,December,13,Saturday,WEEKEND
2014-12-14,177500.1077,192327.3207,4632,177500.1077,2014,December,14,Sunday,WEEKEND
2014-12-15,282246.6287,304489.6383,7341,282246.6287,2014,December,15,Monday,WEEKDAY
2014-12-16,166037.9257,179571.1291,4308,166037.9257,2014,December,16,Tuesday,WEEKDAY
2014-12-17,148910.9984,161137.522,3865,148910.9984,2014,December,17,Wednesday,WEEKDAY
2014-12-18,202359.1429,221435.7686,5288,202359.1429,2014,December,18,Thursday,WEEKDAY
2014-12-19,274343.6543,299516.8378,7141,274343.6543,2014,December,19,Friday,WEEKDAY
2014-12-20,316167.0747,346378.3048,8268,316167.0747,2014,December,20,Saturday,WEEKEND
2014-12-21,173833.4001,190644.5016,4541,173833.4001,2014,December,21,Sunday,WEEKEND
2014-12-22,204565.0818,210188.9094,5014,204565.0818,2014,December,22,Monday,WEEKDAY
2014-12-23,316394.7309,326627.1384,7778,316394.7309,2014,December,23,Tuesday,WEEKDAY
2014-12-24,486230.3202,495909.0896,11809,486230.3202,2014,December,24,Wednesday,WEEKDAY
2014-12-25,137686.5321,140525.7867,3344,137686.5321,2014,December,25,Thursday,WEEKDAY
2014-12-26,48102.96241,49028.36507,1169,48102.96241,2014,December,26,Friday,WEEKDAY
2014-12-27,110162.132,112383.5592,2676,110162.132,2014,December,27,Saturday,WEEKEND
2014-12-28,69051.33709,70482.7178,1677,69051.33709,2014,December,28,Sunday,WEEKEND
2014-12-29,133307.369,136003.4825,3237,133307.369,2014,December,29,Monday,WEEKDAY
2014-12-30,216389.5043,235723.7648,5607,216389.5043,2014,December,30,Tuesday,WEEKDAY
2014-12-31,365055.312,398013.3483,9464,365055.312,2014,December,31,Wednesday,WEEKDAY
2015-01-01,112161.4196,122170.4317,2905,112161.4196,2015,January,1,Thursday,WEEKDAY
2015-01-02,271101.4617,295019.4694,7023,271101.4617,2015,January,2,Friday,WEEKDAY
2015-01-03,245813.2883,267734.7253,6371,245813.2883,2015,January,3,Saturday,WEEKEND
2015-01-04,178394.812,194427.448,4624,178394.812,2015,January,4,Sunday,WEEKEND
2015-01-05,220443.6315,239988.0275,5717,220443.6315,2015,January,5,Monday,WEEKDAY
2015-01-06,181534.1887,197328.9439,4705,181534.1887,2015,January,6,Tuesday,WEEKDAY
2015-01-07,83176.48139,84728.8312,2020,83176.48139,2015,January,7,Wednesday,WEEKDAY
2015-01-08,76894.77935,78468.0955,1868,76894.77935,2015,January,8,Thursday,WEEKDAY
2015-01-09,123859.388,126444.1425,3008,123859.388,2015,January,9,Friday,WEEKDAY
2015-01-10,120807.5742,123392.8041,2934,120807.5742,2015,January,10,Saturday,WEEKEND
2015-01-11,69597.36735,71051.3635,1690,69597.36735,2015,January,11,Sunday,WEEKEND
2015-01-12,84738.29441,86467.53775,2058,84738.29441,2015,January,12,Monday,WEEKDAY
2015-01-13,64653.97214,65980.42209,1570,64653.97214,2015,January,13,Tuesday,WEEKDAY
2015-01-14,59553.38603,60703.35603,1446,59553.38603,2015,January,14,Wednesday,WEEKDAY
2015-01-15,79080.75696,80337.74831,1921,79080.75696,2015,January,15,Thursday,WEEKDAY
2015-01-16,149444.0568,152030.9865,3629,149444.0568,2015,January,16,Friday,WEEKDAY
2015-01-17,170624.0799,173547.0271,4144,170624.0799,2015,January,17,Saturday,WEEKEND
2015-01-18,74744.28315,76003.92825,1815,74744.28315,2015,January,18,Sunday,WEEKEND
2015-01-19,90144.1614,91110.96935,2189,90144.1614,2015,January,19,Monday,WEEKDAY
2015-01-20,97826.8088,99134.30699,2376,97826.8088,2015,January,20,Tuesday,WEEKDAY
2015-01-21,62795.97915,64144.08888,1525,62795.97915,2015,January,21,Wednesday,WEEKDAY
2015-01-22,66550.98983,67952.15055,1616,66550.98983,2015,January,22,Thursday,WEEKDAY
2015-01-23,154670.8907,158031.791,3757,154670.8907,2015,January,23,Friday,WEEKDAY
2015-01-24,158722.1056,162082.4184,3855,158722.1056,2015,January,24,Saturday,WEEKEND
2015-01-25,78092.27692,79795.0431,1897,78092.27692,2015,January,25,Sunday,WEEKEND
2015-01-26,91830.40204,93808.08675,2230,91830.40204,2015,January,26,Monday,WEEKDAY
2015-01-27,76992.93568,78614.45775,1870,76992.93568,2015,January,27,Tuesday,WEEKDAY
2015-01-28,59897.71588,61194.18026,1455,59897.71588,2015,January,28,Wednesday,WEEKDAY
2015-01-29,57310.19404,58531.41099,1392,57310.19404,2015,January,29,Thursday,WEEKDAY
2015-01-30,134540.2145,137221.5375,3268,134540.2145,2015,January,30,Friday,WEEKDAY
2015-01-31,200193.612,203814.7364,4862,200193.612,2015,January,31,Saturday,WEEKEND
2015-02-01,171469.9305,174652.458,4165,171469.9305,2015,February,1,Sunday,WEEKEND
2015-02-02,151737.2188,154148.5988,3685,151737.2188,2015,February,2,Monday,WEEKDAY
2015-02-03,102072.4434,103634.9642,2479,102072.4434,2015,February,3,Tuesday,WEEKDAY
2015-02-04,82514.10512,83232.39137,2005,82514.10512,2015,February,4,Wednesday,WEEKDAY
2015-02-05,46211.33246,46407.29912,1122,46211.33246,2015,February,5,Thursday,WEEKDAY
2015-02-06,85730.41481,85765.70934,2082,85730.41481,2015,February,6,Friday,WEEKDAY
2015-02-07,105918.2933,105662.5562,2573,105918.2933,2015,February,7,Saturday,WEEKEND
2015-02-08,73041.66087,73046.2339,1774,73041.66087,2015,February,8,Sunday,WEEKEND
2015-02-09,97908.5471,97097.93659,2378,97908.5471,2015,February,9,Monday,WEEKDAY
2015-02-10,138667.4159,148522.849,3677,138667.4159,2015,February,10,Tuesday,WEEKDAY
2015-02-11,162162.1035,173661.8278,4299,162162.1035,2015,February,11,Wednesday,WEEKDAY
2015-02-12,138520.1268,147756.3428,3674,138520.1268,2015,February,12,Thursday,WEEKDAY
2015-02-13,358597.4285,382447.0804,9505,358597.4285,2015,February,13,Friday,WEEKDAY
2015-02-14,424009.8825,451548.0276,11237,424009.8825,2015,February,14,Saturday,WEEKEND
2015-02-15,203861.4724,217065.6152,5406,203861.4724,2015,February,15,Sunday,WEEKEND
2015-02-16,220506.2093,234723.22,5846,220506.2093,2015,February,16,Monday,WEEKDAY
2015-02-17,139935.937,148697.5437,3713,139935.937,2015,February,17,Tuesday,WEEKDAY
2015-02-18,161064.7523,170739.3666,4270,161064.7523,2015,February,18,Wednesday,WEEKDAY
2015-02-19,144328.5452,152824.1149,3827,144328.5452,2015,February,19,Thursday,WEEKDAY
2015-02-20,293071.7592,310240.3784,7770,293071.7592,2015,February,20,Friday,WEEKDAY
2015-02-21,267782.154,283430.3368,7102,267782.154,2015,February,21,Saturday,WEEKEND
2015-02-22,136052.6884,144020.1228,3608,136052.6884,2015,February,22,Sunday,WEEKEND
2015-02-23,86703.31409,85730.96654,2150,86703.31409,2015,February,23,Monday,WEEKDAY
2015-02-24,95474.35737,100867.5241,2530,95474.35737,2015,February,24,Tuesday,WEEKDAY
2015-02-25,198431.6275,209499.7941,5253,198431.6275,2015,February,25,Wednesday,WEEKDAY
2015-02-26,157291.734,166305.0376,4171,157291.734,2015,February,26,Thursday,WEEKDAY
2015-02-27,307540.6752,324997.3365,8156,307540.6752,2015,February,27,Friday,WEEKDAY
2015-02-28,350898.7635,375030.6355,9296,350898.7635,2015,February,28,Saturday,WEEKEND
2015-03-01,256701.5427,276569.2504,6803,256701.5427,2015,March,1,Sunday,WEEKEND
2015-03-02,234705.5928,252709.8231,6221,234705.5928,2015,March,2,Monday,WEEKDAY
2015-03-03,249380.5654,268761.8324,6611,249380.5654,2015,March,3,Tuesday,WEEKDAY
2015-03-04,258211.4442,278825.6067,6843,258211.4442,2015,March,4,Wednesday,WEEKDAY
2015-03-05,145975.8339,157578.0059,3858,145975.8339,2015,March,5,Thursday,WEEKDAY
2015-03-06,269239.8526,291365.0176,7128,269239.8526,2015,March,6,Friday,WEEKDAY
2015-03-07,306920.2116,332242.4116,8127,306920.2116,2015,March,7,Saturday,WEEKEND
2015-03-08,122106.7956,121394.8122,2966,122106.7956,2015,March,8,Sunday,WEEKEND
2015-03-09,117661.2808,116861.1583,2858,117661.2808,2015,March,9,Monday,WEEKDAY
2015-03-10,62499.79917,62073.87265,1518,62499.79917,2015,March,10,Tuesday,WEEKDAY
2015-03-11,57063.98412,56638.28137,1386,57063.98412,2015,March,11,Wednesday,WEEKDAY
2015-03-12,48008.48284,47681.67208,1166,48008.48284,2015,March,12,Thursday,WEEKDAY
2015-03-13,117446.8391,116681.1416,2853,117446.8391,2015,March,13,Friday,WEEKDAY
2015-03-14,150591.5479,149573.8276,3657,150591.5479,2015,March,14,Saturday,WEEKEND
2015-03-15,67152.47495,66802.98322,1631,67152.47495,2015,March,15,Sunday,WEEKEND
2015-03-16,80635.28925,80121.29052,1959,80635.28925,2015,March,16,Monday,WEEKDAY
2015-03-17,50669.6371,50308.95705,1230,50669.6371,2015,March,17,Tuesday,WEEKDAY
2015-03-18,48648.99266,48362.06879,1182,48648.99266,2015,March,18,Wednesday,WEEKDAY
2015-03-19,43213.17762,42981.21685,1050,43213.17762,2015,March,19,Thursday,WEEKDAY
2015-03-20,96881.01809,96453.28728,2353,96881.01809,2015,March,20,Friday,WEEKDAY
2015-03-21,121360.8851,120829.288,2947,121360.8851,2015,March,21,Saturday,WEEKEND
2015-03-22,66954.36637,66756.37644,1626,66954.36637,2015,March,22,Sunday,WEEKEND
2015-03-23,81342.15076,81132.0129,1976,81342.15076,2015,March,23,Monday,WEEKDAY
2015-03-24,125060.7079,136375.1527,3312,125060.7079,2015,March,24,Tuesday,WEEKDAY
2015-03-25,253218.8312,276194.8295,6704,253218.8312,2015,March,25,Wednesday,WEEKDAY
2015-03-26,229184.4719,250361.1502,6077,229184.4719,2015,March,26,Thursday,WEEKDAY
2015-03-27,354191.351,386464.6513,9386,354191.351,2015,March,27,Friday,WEEKDAY
2015-03-28,459484.6666,501362.5725,12181,459484.6666,2015,March,28,Saturday,WEEKEND
2015-03-29,224102.8885,244359.8075,5937,224102.8885,2015,March,29,Sunday,WEEKEND
2015-03-30,215203.5588,234819.4474,5706,215203.5588,2015,March,30,Monday,WEEKDAY
2015-03-31,355534.912,386988.9147,9421,355534.912,2015,March,31,Tuesday,WEEKDAY
2015-04-01,498894.3439,542483.8358,13207,498894.3439,2015,April,1,Wednesday,WEEKDAY
2015-04-02,715032.1899,777522.1928,18936,715032.1899,2015,April,2,Thursday,WEEKDAY
2015-04-03,510289.2156,554159.8194,13503,510289.2156,2015,April,3,Friday,WEEKDAY
2015-04-04,400302.0395,434872.7289,10600,400302.0395,2015,April,4,Saturday,WEEKEND
2015-04-05,135578.2034,147335.9251,3591,135578.2034,2015,April,5,Sunday,WEEKEND
2015-04-06,182466.2552,198405.2291,4836,182466.2552,2015,April,6,Monday,WEEKDAY
2015-04-07,176814.2026,178390.1491,4348,176814.2026,2015,April,7,Tuesday,WEEKDAY
2015-04-08,100917.6716,100579.1289,2451,100917.6716,2015,April,8,Wednesday,WEEKDAY
2015-04-09,74690.67273,74427.58597,1814,74690.67273,2015,April,9,Thursday,WEEKDAY
2015-04-10,114067.0771,113653.9736,2770,114067.0771,2015,April,10,Friday,WEEKDAY
2015-04-11,126507.8009,126043.7692,3072,126507.8009,2015,April,11,Saturday,WEEKEND
2015-04-12,79648.62939,79349.40245,1934,79648.62939,2015,April,12,Sunday,WEEKEND
2015-04-13,83137.43243,82700.35417,2019,83137.43243,2015,April,13,Monday,WEEKDAY
2015-04-14,40776.02706,39940.19958,979,40776.02706,2015,April,14,Tuesday,WEEKDAY
2015-04-15,58278.45793,56969.92259,1398,58278.45793,2015,April,15,Wednesday,WEEKDAY
2015-04-16,50000.10144,48827.88538,1198,50000.10144,2015,April,16,Thursday,WEEKDAY
2015-04-17,103911.9191,101408.9496,2485,103911.9191,2015,April,17,Friday,WEEKDAY
2015-04-18,132843.2226,129545.5321,3172,132843.2226,2015,April,18,Saturday,WEEKEND
2015-04-19,62786.61128,61213.25591,1497,62786.61128,2015,April,19,Sunday,WEEKEND
2015-04-20,57233.40664,55706.87543,1365,57233.40664,2015,April,20,Monday,WEEKDAY
2015-04-21,56874.34546,55172.17123,1353,56874.34546,2015,April,21,Tuesday,WEEKDAY
2015-04-22,132737.737,140263.9301,3439,132737.737,2015,April,22,Wednesday,WEEKDAY
2015-04-23,60310.33895,58446.05493,1434,60310.33895,2015,April,23,Thursday,WEEKDAY
2015-04-24,343587.0085,362390.596,8892,343587.0085,2015,April,24,Friday,WEEKDAY
2015-04-25,496882.315,535306.0099,13144,496882.315,2015,April,25,Saturday,WEEKEND
2015-04-26,200369.8299,210964.7681,5179,200369.8299,2015,April,26,Sunday,WEEKEND
2015-04-27,194028.0618,204053.4989,5014,194028.0618,2015,April,27,Monday,WEEKDAY
2015-04-28,190560.5792,200804.0368,4936,190560.5792,2015,April,28,Tuesday,WEEKDAY
2015-04-29,198985.3996,209483.8758,5150,198985.3996,2015,April,29,Wednesday,WEEKDAY
2015-04-30,385482.872,406252.0076,9986,385482.872,2015,April,30,Thursday,WEEKDAY
2015-05-01,499703.4147,526206.9372,12937,499703.4147,2015,May,1,Friday,WEEKDAY
2015-05-02,461667.0039,496852.802,12217,461667.0039,2015,May,2,Saturday,WEEKEND
2015-05-03,259541.6087,273280.0464,6721,259541.6087,2015,May,3,Sunday,WEEKEND
2015-05-04,320309.2744,336742.6024,8283,320309.2744,2015,May,4,Monday,WEEKDAY
2015-05-05,239922.9982,251700.9664,6191,239922.9982,2015,May,5,Tuesday,WEEKDAY
2015-05-06,224994.1951,242259.8595,5959,224994.1951,2015,May,6,Wednesday,WEEKDAY
2015-05-07,117197.9717,115769.0863,2848,117197.9717,2015,May,7,Thursday,WEEKDAY
2015-05-08,330589.1998,355565.0417,8748,330589.1998,2015,May,8,Friday,WEEKDAY
2015-05-09,389972.1198,419827.1365,10329,389972.1198,2015,May,9,Saturday,WEEKEND
2015-05-10,166536.0003,179243.0518,4410,166536.0003,2015,May,10,Sunday,WEEKEND
2015-05-11,198442.9127,213676.4284,5257,198442.9127,2015,May,11,Monday,WEEKDAY
2015-05-12,193182.1506,208039.1734,5118,193182.1506,2015,May,12,Tuesday,WEEKDAY
2015-05-13,166403.127,179221.5723,4410,166403.127,2015,May,13,Wednesday,WEEKDAY
2015-05-14,149178.6015,160620.2071,3952,149178.6015,2015,May,14,Thursday,WEEKDAY
2015-05-15,380592.5776,409812.4327,10084,380592.5776,2015,May,15,Friday,WEEKDAY
2015-05-16,413700.1789,445569.7191,10964,413700.1789,2015,May,16,Saturday,WEEKEND
2015-05-17,177159.6731,190811.5779,4695,177159.6731,2015,May,17,Sunday,WEEKEND
2015-05-18,196420.7635,211510.7861,5205,196420.7635,2015,May,18,Monday,WEEKDAY
2015-05-19,137940.8722,147846.0522,3638,137940.8722,2015,May,19,Tuesday,WEEKDAY
2015-05-20,166176.2838,178568.1805,4394,166176.2838,2015,May,20,Wednesday,WEEKDAY
2015-05-21,84604.37757,81763.26739,2012,84604.37757,2015,May,21,Thursday,WEEKDAY
2015-05-22,321821.0203,346487.5203,8526,321821.0203,2015,May,22,Friday,WEEKDAY
2015-05-23,418715.4106,450936.2793,11096,418715.4106,2015,May,23,Saturday,WEEKEND
2015-05-24,169541.2659,182419.1414,4489,169541.2659,2015,May,24,Sunday,WEEKEND
2015-05-25,256434.5099,276173.7925,6795,256434.5099,2015,May,25,Monday,WEEKDAY
2015-05-26,199385.9124,214719.7528,5283,199385.9124,2015,May,26,Tuesday,WEEKDAY
2015-05-27,243554.2243,262251.0801,6453,243554.2243,2015,May,27,Wednesday,WEEKDAY
2015-05-28,217746.0129,234483.417,5770,217746.0129,2015,May,28,Thursday,WEEKDAY
2015-05-29,472160.7521,508265.147,12507,472160.7521,2015,May,29,Friday,WEEKDAY
2015-05-30,546135.4624,588250.1812,14475,546135.4624,2015,May,30,Saturday,WEEKEND
2015-05-31,264637.3653,284828.6597,7009,264637.3653,2015,May,31,Sunday,WEEKEND
2015-06-01,440905.9987,474967.3276,11688,440905.9987,2015,June,1,Monday,WEEKDAY
2015-06-02,334318.8978,360168.8271,8863,334318.8978,2015,June,2,Tuesday,WEEKDAY
2015-06-03,269835.8286,290492.1063,7148,269835.8286,2015,June,3,Wednesday,WEEKDAY
2015-06-04,201146.4893,216428.5004,5326,201146.4893,2015,June,4,Thursday,WEEKDAY
2015-06-05,293461.0839,315937.8622,7775,293461.0839,2015,June,5,Friday,WEEKDAY
2015-06-06,349413.0098,376094.7218,9255,349413.0098,2015,June,6,Saturday,WEEKEND
2015-06-07,179602.9152,193348.5914,4758,179602.9152,2015,June,7,Sunday,WEEKEND
2015-06-08,109810.5457,106166.0816,2613,109810.5457,2015,June,8,Monday,WEEKDAY
2015-06-09,76956.92035,74212.79057,1830,76956.92035,2015,June,9,Tuesday,WEEKDAY
2015-06-10,71199.5884,68669.39496,1694,71199.5884,2015,June,10,Wednesday,WEEKDAY
2015-06-11,68988.34667,66539.1652,1642,68988.34667,2015,June,11,Thursday,WEEKDAY
2015-06-12,155156.8792,149423.2436,3690,155156.8792,2015,June,12,Friday,WEEKDAY
2015-06-13,185109.5231,178347.3694,4404,185109.5231,2015,June,13,Saturday,WEEKEND
2015-06-14,83779.54401,80659.82181,1992,83779.54401,2015,June,14,Sunday,WEEKEND
2015-06-15,149501.5745,143962.8719,3557,149501.5745,2015,June,15,Monday,WEEKDAY
2015-06-16,100477.2968,96810.10358,2395,100477.2968,2015,June,16,Tuesday,WEEKDAY
2015-06-17,89072.70535,85639.30775,2120,89072.70535,2015,June,17,Wednesday,WEEKDAY
2015-06-18,78746.59586,75673.78199,1875,78746.59586,2015,June,18,Thursday,WEEKDAY
2015-06-19,141913.3824,136017.7504,3376,141913.3824,2015,June,19,Friday,WEEKDAY
2015-06-20,169304.2783,162287.9092,4027,169304.2783,2015,June,20,Saturday,WEEKEND
2015-06-21,89512.24284,85781.80703,2128,89512.24284,2015,June,21,Sunday,WEEKEND
2015-06-22,85984.07534,82427.23154,2046,85984.07534,2015,June,22,Monday,WEEKDAY
2015-06-23,64956.46208,62169.77712,1546,64956.46208,2015,June,23,Tuesday,WEEKDAY
2015-06-24,106613.4328,113428.4743,2822,106613.4328,2015,June,24,Wednesday,WEEKDAY
2015-06-25,183843.8173,195365.7307,4865,183843.8173,2015,June,25,Thursday,WEEKDAY
2015-06-26,319579.7941,339241.6918,8450,319579.7941,2015,June,26,Friday,WEEKDAY
2015-06-27,369245.7587,392017.9735,9770,369245.7587,2015,June,27,Saturday,WEEKEND
2015-06-28,185648.4911,197095.1087,4914,185648.4911,2015,June,28,Sunday,WEEKEND
2015-06-29,165557.7618,175871.1109,4385,165557.7618,2015,June,29,Monday,WEEKDAY
2015-06-30,212465.0832,225678.9345,5627,212465.0832,2015,June,30,Tuesday,WEEKDAY
2015-07-01,305231.9081,324248.8415,8086,305231.9081,2015,July,1,Wednesday,WEEKDAY
2015-07-02,250481.6177,266061.9284,6639,250481.6177,2015,July,2,Thursday,WEEKDAY
2015-07-03,268410.4807,284592.9947,7104,268410.4807,2015,July,3,Friday,WEEKDAY
2015-07-04,316365.4987,335025.0764,8364,316365.4987,2015,July,4,Saturday,WEEKEND
2015-07-05,156873.0437,165968.6245,4146,156873.0437,2015,July,5,Sunday,WEEKEND
2015-07-06,173987.7515,184188.979,4601,173987.7515,2015,July,6,Monday,WEEKDAY
2015-07-07,135753.766,143799.5987,3593,135753.766,2015,July,7,Tuesday,WEEKDAY
2015-07-08,84426.50941,84588.96304,2114,84426.50941,2015,July,8,Wednesday,WEEKDAY
2015-07-09,70815.19029,71913.06858,1797,70815.19029,2015,July,9,Thursday,WEEKDAY
2015-07-10,125983.1518,127884.5872,3195,125983.1518,2015,July,10,Friday,WEEKDAY
2015-07-11,142378.184,143924.5651,3595,142378.184,2015,July,11,Saturday,WEEKEND
2015-07-12,57427.68071,58723.04053,1467,57427.68071,2015,July,12,Sunday,WEEKEND
2015-07-13,63331.331,64690.05907,1610,63331.331,2015,July,13,Monday,WEEKDAY
2015-07-14,51241.02855,52509.91622,1307,51241.02855,2015,July,14,Tuesday,WEEKDAY
2015-07-15,80326.44081,81730.2707,2050,80326.44081,2015,July,15,Wednesday,WEEKDAY
2015-07-16,71912.56573,73762.62917,1849,71912.56573,2015,July,16,Thursday,WEEKDAY
2015-07-17,119204.3095,122669.6994,3070,119204.3095,2015,July,17,Friday,WEEKDAY
2015-07-18,129441.2787,132493.4315,3322,129441.2787,2015,July,18,Saturday,WEEKEND
2015-07-19,77645.74994,79555.63474,1982,77645.74994,2015,July,19,Sunday,WEEKEND
2015-07-20,69926.65036,71362.51784,1787,69926.65036,2015,July,20,Monday,WEEKDAY
2015-07-21,71973.0443,73851.7884,1846,71973.0443,2015,July,21,Tuesday,WEEKDAY
2015-07-22,44304.89836,45468.83698,1142,44304.89836,2015,July,22,Wednesday,WEEKDAY
2015-07-23,66799.72373,69323.64787,1734,66799.72373,2015,July,23,Thursday,WEEKDAY
2015-07-24,125689.5928,130428.2264,3259,125689.5928,2015,July,24,Friday,WEEKDAY
2015-07-25,138624.945,143537.3952,3572,138624.945,2015,July,25,Saturday,WEEKEND
2015-07-26,81715.04533,85089.22343,2109,81715.04533,2015,July,26,Sunday,WEEKEND
2015-07-27,86842.86136,90242.7941,2242,86842.86136,2015,July,27,Monday,WEEKDAY
2015-07-28,56976.78528,59094.07686,1474,56976.78528,2015,July,28,Tuesday,WEEKDAY
2015-07-29,53433.66803,55516.52556,1381,53433.66803,2015,July,29,Wednesday,WEEKDAY
2015-07-30,55134.08182,57064.7507,1423,55134.08182,2015,July,30,Thursday,WEEKDAY
2015-07-31,145033.6108,149876.8733,3740,145033.6108,2015,July,31,Friday,WEEKDAY
2015-08-01,173306.9065,178699.9759,4453,173306.9065,2015,August,1,Saturday,WEEKEND
2015-08-02,88154.33871,90828.6617,2258,88154.33871,2015,August,2,Sunday,WEEKEND
2015-08-03,81142.02785,83114.57681,2074,81142.02785,2015,August,3,Monday,WEEKDAY
2015-08-04,77672.88278,80417.74644,2007,77672.88278,2015,August,4,Tuesday,WEEKDAY
2015-08-05,75483.42255,78024.28468,1948,75483.42255,2015,August,5,Wednesday,WEEKDAY
2015-08-06,74354.5701,76978.30524,1922,74354.5701,2015,August,6,Thursday,WEEKDAY
2015-08-07,120326.8763,123707.7616,3088,120326.8763,2015,August,7,Friday,WEEKDAY
2015-08-08,131867.9935,135721.426,3388,131867.9935,2015,August,8,Saturday,WEEKEND
2015-08-09,75504.00274,77978.69447,1944,75504.00274,2015,August,9,Sunday,WEEKEND
2015-08-10,69968.0777,72665.72553,1812,69968.0777,2015,August,10,Monday,WEEKDAY
2015-08-11,60187.14905,62538.49328,1563,60187.14905,2015,August,11,Tuesday,WEEKDAY
2015-08-12,44698.70075,46849.56715,1171,44698.70075,2015,August,12,Wednesday,WEEKDAY
2015-08-13,39463.40906,41414.41837,1035,39463.40906,2015,August,13,Thursday,WEEKDAY
2015-08-14,85794.0969,89898.89423,2247,85794.0969,2015,August,14,Friday,WEEKDAY
2015-08-15,117288.0101,122504.3572,3068,117288.0101,2015,August,15,Saturday,WEEKEND
2015-08-16,71056.061,74589.17287,1866,71056.061,2015,August,16,Sunday,WEEKEND
2015-08-17,64394.07445,67505.25414,1690,64394.07445,2015,August,17,Monday,WEEKDAY
2015-08-18,35165.97208,36841.96732,922,35165.97208,2015,August,18,Tuesday,WEEKDAY
2015-08-19,23234.1832,24104.08598,604,23234.1832,2015,August,19,Wednesday,WEEKDAY
2015-08-20,24754.95718,25407.17407,643,24754.95718,2015,August,20,Thursday,WEEKDAY
2015-08-21,76691.28303,78691.95632,2006,76691.28303,2015,August,21,Friday,WEEKDAY
2015-08-22,102231.2118,104713.0075,2677,102231.2118,2015,August,22,Saturday,WEEKEND
2015-08-23,56974.86803,57548.98515,1467,56974.86803,2015,August,23,Sunday,WEEKEND
2015-08-24,59442.73112,59785.42861,1528,59442.73112,2015,August,24,Monday,WEEKDAY
2015-08-25,217683.3623,246975.7308,6360,217683.3623,2015,August,25,Tuesday,WEEKDAY
2015-08-26,275458.8069,307092.2744,8035,275458.8069,2015,August,26,Wednesday,WEEKDAY
2015-08-27,228731.8655,252845.4456,6675,228731.8655,2015,August,27,Thursday,WEEKDAY
2015-08-28,387639.12,426783.3022,11330,387639.12,2015,August,28,Friday,WEEKDAY
2015-08-29,461188.0049,504578.1888,13484,461188.0049,2015,August,29,Saturday,WEEKEND
2015-08-30,202249.6772,220152.1868,5913,202249.6772,2015,August,30,Sunday,WEEKEND
2015-08-31,332559.765,361970.2859,9721,332559.765,2015,August,31,Monday,WEEKDAY
2015-09-01,384806.7716,418101.5975,11257,384806.7716,2015,September,1,Tuesday,WEEKDAY
2015-09-02,345776.2503,373816.1684,10102,345776.2503,2015,September,2,Wednesday,WEEKDAY
2015-09-03,271551.0951,293343.874,7938,271551.0951,2015,September,3,Thursday,WEEKDAY
2015-09-04,340440.2055,366359.6586,9936,340440.2055,2015,September,4,Friday,WEEKDAY
2015-09-05,364416.7316,392128.3013,10643,364416.7316,2015,September,5,Saturday,WEEKEND
2015-09-06,164719.6045,176647.8427,4800,164719.6045,2015,September,6,Sunday,WEEKEND
2015-09-07,178921.0993,192507.5287,5228,178921.0993,2015,September,7,Monday,WEEKDAY
2015-09-08,70286.99781,66639.69805,1810,70286.99781,2015,September,8,Tuesday,WEEKDAY
2015-09-09,76013.6779,72211.10317,1961,76013.6779,2015,September,9,Wednesday,WEEKDAY
2015-09-10,48406.78715,45316.54273,1232,48406.78715,2015,September,10,Thursday,WEEKDAY
2015-09-11,85940.02694,81559.84562,2194,85940.02694,2015,September,11,Friday,WEEKDAY
2015-09-12,57381.75145,54340.89151,1469,57381.75145,2015,September,12,Saturday,WEEKEND
2015-09-13,32479.79639,30763.68812,829,32479.79639,2015,September,13,Sunday,WEEKEND
2015-09-14,52160.18393,49656.00775,1329,52160.18393,2015,September,14,Monday,WEEKDAY
2015-09-15,51002.83957,48601.9675,1300,51002.83957,2015,September,15,Tuesday,WEEKDAY
2015-09-16,30194.71596,28605.4608,773,30194.71596,2015,September,16,Wednesday,WEEKDAY
2015-09-17,29751.22261,28084.23513,760,29751.22261,2015,September,17,Thursday,WEEKDAY
2015-09-18,68504.63944,64881.97565,1755,68504.63944,2015,September,18,Friday,WEEKDAY
2015-09-19,68996.56176,65211.57177,1766,68996.56176,2015,September,19,Saturday,WEEKEND
2015-09-20,41855.92876,39629.45187,1078,41855.92876,2015,September,20,Sunday,WEEKEND
2015-09-21,44303.46649,41485.45872,1124,44303.46649,2015,September,21,Monday,WEEKDAY
2015-09-22,46599.29813,43806.73201,1182,46599.29813,2015,September,22,Tuesday,WEEKDAY
2015-09-23,125182.7572,138583.8378,3725,125182.7572,2015,September,23,Wednesday,WEEKDAY
2015-09-24,150036.805,167704.8554,4492,150036.805,2015,September,24,Thursday,WEEKDAY
2015-09-25,368037.6919,413540.8072,11030,368037.6919,2015,September,25,Friday,WEEKDAY
2015-09-26,351319.6381,397626.5851,10528,351319.6381,2015,September,26,Saturday,WEEKEND
2015-09-27,163289.9367,185404.044,4895,163289.9367,2015,September,27,Sunday,WEEKEND
2015-09-28,190892.459,216571.0595,5720,190892.459,2015,September,28,Monday,WEEKDAY
2015-09-29,143082.1333,162929.0185,4288,143082.1333,2015,September,29,Tuesday,WEEKDAY
2015-09-30,323548.7853,368434.8859,9693,323548.7853,2015,September,30,Wednesday,WEEKDAY
2015-10-01,402312.3332,459285.8045,12065,402312.3332,2015,October,1,Thursday,WEEKDAY
2015-10-02,393635.1749,448390.9658,11758,393635.1749,2015,October,2,Friday,WEEKDAY
2015-10-03,451100.0601,515549.3899,13508,451100.0601,2015,October,3,Saturday,WEEKEND
2015-10-04,202902.6249,232360.3272,6085,202902.6249,2015,October,4,Sunday,WEEKEND
2015-10-05,294557.6464,336897.9224,8828,294557.6464,2015,October,5,Monday,WEEKDAY
2015-10-06,221618.3282,253291.0623,6636,221618.3282,2015,October,6,Tuesday,WEEKDAY
2015-10-07,63968.38248,61942.84268,1622,63968.38248,2015,October,7,Wednesday,WEEKDAY
2015-10-08,59609.54471,57736.47666,1512,59609.54471,2015,October,8,Thursday,WEEKDAY
2015-10-09,126588.253,122622.3631,3211,126588.253,2015,October,9,Friday,WEEKDAY
2015-10-10,119755.0116,116003.6869,3037,119755.0116,2015,October,10,Saturday,WEEKEND
2015-10-11,57413.41048,55617.58464,1456,57413.41048,2015,October,11,Sunday,WEEKEND
2015-10-12,57749.13694,55933.00858,1465,57749.13694,2015,October,12,Monday,WEEKDAY
2015-10-13,40140.82003,38881.08844,1018,40140.82003,2015,October,13,Tuesday,WEEKDAY
2015-10-14,42195.81736,40869.24947,1070,42195.81736,2015,October,14,Wednesday,WEEKDAY
2015-10-15,53490.79747,51799.1659,1357,53490.79747,2015,October,15,Thursday,WEEKDAY
2015-10-16,110809.3158,107331.9805,2810,110809.3158,2015,October,16,Friday,WEEKDAY
2015-10-17,111527.0135,108023.6073,2829,111527.0135,2015,October,17,Saturday,WEEKEND
2015-10-18,59808.13867,57937.45866,1517,59808.13867,2015,October,18,Sunday,WEEKEND
2015-10-19,55166.22623,53436.89709,1399,55166.22623,2015,October,19,Monday,WEEKDAY
2015-10-20,42054.68047,40736.15048,1067,42054.68047,2015,October,20,Tuesday,WEEKDAY
2015-10-21,53678.17911,51999.86087,1361,53678.17911,2015,October,21,Wednesday,WEEKDAY
2015-10-22,55930.16864,54177.69006,1419,55930.16864,2015,October,22,Thursday,WEEKDAY
2015-10-23,185771.0015,192527.011,5042,185771.0015,2015,October,23,Friday,WEEKDAY
2015-10-24,253116.9132,262409.5694,6872,253116.9132,2015,October,24,Saturday,WEEKEND
2015-10-25,118618.4537,122915.267,3218,118618.4537,2015,October,25,Sunday,WEEKEND
2015-10-26,123320.784,128133.7786,3347,123320.784,2015,October,26,Monday,WEEKDAY
2015-10-27,117051.2772,122175.0003,3177,117051.2772,2015,October,27,Tuesday,WEEKDAY
2015-10-28,159299.9891,174699.0767,4532,159299.9891,2015,October,28,Wednesday,WEEKDAY
2015-10-29,119047.4099,124349.2655,3231,119047.4099,2015,October,29,Thursday,WEEKDAY
2015-10-30,285081.9743,297627.6907,7731,285081.9743,2015,October,30,Friday,WEEKDAY
2015-10-31,391656.2126,429832.8348,11148,391656.2126,2015,October,31,Saturday,WEEKEND
2015-11-01,274814.7781,287978.1749,7459,274814.7781,2015,November,1,Sunday,WEEKEND
2015-11-02,269555.0231,281915.1921,7316,269555.0231,2015,November,2,Monday,WEEKDAY
2015-11-03,192001.0346,201125.7755,5211,192001.0346,2015,November,3,Tuesday,WEEKDAY
2015-11-04,201367.787,220579.9956,5731,201367.787,2015,November,4,Wednesday,WEEKDAY
2015-11-05,111874.559,116637.0343,3036,111874.559,2015,November,5,Thursday,WEEKDAY
2015-11-06,214540.3331,223738.4327,5822,214540.3331,2015,November,6,Friday,WEEKDAY
2015-11-07,280264.2445,306935.1604,7987,280264.2445,2015,November,7,Saturday,WEEKEND
2015-11-08,134136.7287,140236.3033,3640,134136.7287,2015,November,8,Sunday,WEEKEND
2015-11-09,94243.46553,89949.30417,2338,94243.46553,2015,November,9,Monday,WEEKDAY
2015-11-10,131436.1979,143823.3864,3744,131436.1979,2015,November,10,Tuesday,WEEKDAY
2015-11-11,147893.9415,161665.6006,4216,147893.9415,2015,November,11,Wednesday,WEEKDAY
2015-11-12,140238.3905,153481.4534,4000,140238.3905,2015,November,12,Thursday,WEEKDAY
2015-11-13,358183.774,391310.3207,10204,358183.774,2015,November,13,Friday,WEEKDAY
2015-11-14,377937.1387,413010.229,10769,377937.1387,2015,November,14,Saturday,WEEKEND
2015-11-15,168729.9624,184673.4885,4803,168729.9624,2015,November,15,Sunday,WEEKEND
2015-11-16,177192.5698,193615.3037,5042,177192.5698,2015,November,16,Monday,WEEKDAY
2015-11-17,152368.7491,166625.365,4342,152368.7491,2015,November,17,Tuesday,WEEKDAY
2015-11-18,147471.8049,161402.9187,4202,147471.8049,2015,November,18,Wednesday,WEEKDAY
2015-11-19,145697.152,159317.6094,4151,145697.152,2015,November,19,Thursday,WEEKDAY
2015-11-20,301033.9865,328965.1433,8567,301033.9865,2015,November,20,Friday,WEEKDAY
2015-11-21,309518.0721,338720.0236,8811,309518.0721,2015,November,21,Saturday,WEEKEND
2015-11-22,152504.6317,167600.6509,4345,152504.6317,2015,November,22,Sunday,WEEKEND
2015-11-23,79711.58341,74375.78871,1937,79711.58341,2015,November,23,Monday,WEEKDAY
2015-11-24,111021.3791,121456.524,3160,111021.3791,2015,November,24,Tuesday,WEEKDAY
2015-11-25,243161.2592,266054.3699,6924,243161.2592,2015,November,25,Wednesday,WEEKDAY
2015-11-26,311443.1812,355343.8718,9273,311443.1812,2015,November,26,Thursday,WEEKDAY
2015-11-27,375876.0134,431325.6867,11257,375876.0134,2015,November,27,Friday,WEEKDAY
2015-11-28,434639.659,498895.6186,13019,434639.659,2015,November,28,Saturday,WEEKEND
2015-11-29,238637.8164,274093.578,7139,238637.8164,2015,November,29,Sunday,WEEKEND
2015-11-30,260653.667,283981.1507,7423,260653.667,2015,November,30,Monday,WEEKDAY
2015-12-01,262394.78,285838.5568,7474,262394.78,2015,December,1,Tuesday,WEEKDAY
2015-12-02,248437.7113,269807.6204,7056,248437.7113,2015,December,2,Wednesday,WEEKDAY
2015-12-03,201048.8305,219110.3932,5732,201048.8305,2015,December,3,Thursday,WEEKDAY
2015-12-04,317690.7609,345449.5299,9038,317690.7609,2015,December,4,Friday,WEEKDAY
2015-12-05,378527.8726,410385.037,10737,378527.8726,2015,December,5,Saturday,WEEKEND
2015-12-06,195425.3911,210461.3862,5505,195425.3911,2015,December,6,Sunday,WEEKEND
2015-12-07,90441.60337,83999.59125,2198,90441.60337,2015,December,7,Monday,WEEKDAY
2015-12-08,117649.0006,121640.3798,3190,117649.0006,2015,December,8,Tuesday,WEEKDAY
2015-12-09,141285.3955,145443.0466,3814,141285.3955,2015,December,9,Wednesday,WEEKDAY
2015-12-10,133183.6937,137725.8761,3610,133183.6937,2015,December,10,Thursday,WEEKDAY
2015-12-11,229672.2563,237672.0164,6227,229672.2563,2015,December,11,Friday,WEEKDAY
2015-12-12,333488.7979,359621.0749,9422,333488.7979,2015,December,12,Saturday,WEEKEND
2015-12-13,185422.8856,191390.4013,5014,185422.8856,2015,December,13,Sunday,WEEKEND
2015-12-14,173833.1332,179871.0533,4715,173833.1332,2015,December,14,Monday,WEEKDAY
2015-12-15,220271.7214,237123.3433,6212,220271.7214,2015,December,15,Tuesday,WEEKDAY
2015-12-16,234468.0712,251493.9089,6585,234468.0712,2015,December,16,Wednesday,WEEKDAY
2015-12-17,213778.1381,230994.3552,6051,213778.1381,2015,December,17,Thursday,WEEKDAY
2015-12-18,273563.0148,295854.5523,7750,273563.0148,2015,December,18,Friday,WEEKDAY
2015-12-19,337506.7884,362223.1609,9490,337506.7884,2015,December,19,Saturday,WEEKEND
2015-12-20,155312.7839,167421.9737,4382,155312.7839,2015,December,20,Sunday,WEEKEND
2015-12-21,289243.3831,312784.9743,8196,289243.3831,2015,December,21,Monday,WEEKDAY
2015-12-22,313125.3325,338299.6178,8863,313125.3325,2015,December,22,Tuesday,WEEKDAY
2015-12-23,268330.3927,249584.2152,6534,268330.3927,2015,December,23,Wednesday,WEEKDAY
2015-12-24,392228.138,364396.1942,9540,392228.138,2015,December,24,Thursday,WEEKDAY
2015-12-25,133728.9837,124363.5573,3256,133728.9837,2015,December,25,Friday,WEEKDAY
2015-12-26,82778.44405,76876.4927,2013,82778.44405,2015,December,26,Saturday,WEEKEND
2015-12-27,69522.83697,64616.07665,1692,69522.83697,2015,December,27,Sunday,WEEKEND
2015-12-28,133021.2728,123500.7878,3234,133021.2728,2015,December,28,Monday,WEEKDAY
2015-12-29,161267.5206,175378.1459,4592,161267.5206,2015,December,29,Tuesday,WEEKDAY
2015-12-30,208583.218,227060.2627,5945,208583.218,2015,December,30,Wednesday,WEEKDAY
2015-12-31,325457.525,353929.7384,9266,325457.525,2015,December,31,Thursday,WEEKDAY
2016-01-01,111650.2398,121448.2838,3179,111650.2398,2016,January,1,Friday,WEEKDAY
2016-01-02,262421.2819,285675.8457,7479,262421.2819,2016,January,2,Saturday,WEEKEND
2016-01-03,164527.5389,179308.9495,4694,164527.5389,2016,January,3,Sunday,WEEKEND
2016-01-04,274990.1465,299576.2414,7843,274990.1465,2016,January,4,Monday,WEEKDAY
2016-01-05,215737.8428,234642.0857,6150,215737.8428,2016,January,5,Tuesday,WEEKDAY
2016-01-06,98646.9827,91610.56,2401,98646.9827,2016,January,6,Wednesday,WEEKDAY
2016-01-07,74401.21529,68988.86126,1808,74401.21529,2016,January,7,Thursday,WEEKDAY
2016-01-08,106592.343,99021.68292,2594,106592.343,2016,January,8,Friday,WEEKDAY
2016-01-09,134629.6582,124963.4655,3274,134629.6582,2016,January,9,Saturday,WEEKEND
2016-01-10,90773.65306,84299.28824,2207,90773.65306,2016,January,10,Sunday,WEEKEND
2016-01-11,121373.0682,112550.4323,2949,121373.0682,2016,January,11,Monday,WEEKDAY
2016-01-12,99445.5571,92226.5181,2417,99445.5571,2016,January,12,Tuesday,WEEKDAY
2016-01-13,67587.54693,62760.35683,1644,67587.54693,2016,January,13,Wednesday,WEEKDAY
2016-01-14,61685.93524,57191.43932,1499,61685.93524,2016,January,14,Thursday,WEEKDAY
2016-01-15,150006.9298,139244.8958,3648,150006.9298,2016,January,15,Friday,WEEKDAY
2016-01-16,191287.3535,177577.2872,4652,191287.3535,2016,January,16,Saturday,WEEKEND
2016-01-17,92595.46084,86018.18961,2252,92595.46084,2016,January,17,Sunday,WEEKEND
2016-01-18,96947.05429,89961.3595,2357,96947.05429,2016,January,18,Monday,WEEKDAY
2016-01-19,70512.8945,65453.27639,1715,70512.8945,2016,January,19,Tuesday,WEEKDAY
2016-01-20,159590.4901,182351.1388,4776,159590.4901,2016,January,20,Wednesday,WEEKDAY
2016-01-21,67046.27342,61894.26256,1628,67046.27342,2016,January,21,Thursday,WEEKDAY
2016-01-22,266949.2388,294322.9272,7806,266949.2388,2016,January,22,Friday,WEEKDAY
2016-01-23,315272.2248,346093.067,9210,315272.2248,2016,January,23,Saturday,WEEKEND
2016-01-24,149138.9215,163505.713,4351,149138.9215,2016,January,24,Sunday,WEEKEND
2016-01-25,215171.0382,234621.5989,6278,215171.0382,2016,January,25,Monday,WEEKDAY
2016-01-26,205197.8984,221931.5801,5992,205197.8984,2016,January,26,Tuesday,WEEKDAY
2016-01-27,214452.2484,231730.2327,6265,214452.2484,2016,January,27,Wednesday,WEEKDAY
2016-01-28,195767.9736,210639.8482,5723,195767.9736,2016,January,28,Thursday,WEEKDAY
2016-01-29,397984.3293,437198.9296,11900,397984.3293,2016,January,29,Friday,WEEKDAY
2016-01-30,512603.1035,561872.206,15345,512603.1035,2016,January,30,Saturday,WEEKEND
2016-01-31,218104.0669,238662.1921,6525,218104.0669,2016,January,31,Sunday,WEEKEND
2016-02-01,339004.3369,371177.1869,10153,339004.3369,2016,February,1,Monday,WEEKDAY
2016-02-02,278116.3693,295645.6291,8116,278116.3693,2016,February,2,Tuesday,WEEKDAY
2016-02-03,264159.3006,280392.2736,7712,264159.3006,2016,February,3,Wednesday,WEEKDAY
2016-02-04,197778.1337,209372.2922,5759,197778.1337,2016,February,4,Thursday,WEEKDAY
2016-02-05,325749.0089,345287.8115,9501,325749.0089,2016,February,5,Friday,WEEKDAY
2016-02-06,371561.9764,393884.433,10840,371561.9764,2016,February,6,Saturday,WEEKEND
2016-02-07,174581.6768,185040.8173,5089,174581.6768,2016,February,7,Sunday,WEEKEND
2016-02-08,208489.3694,221372.8369,6087,208489.3694,2016,February,8,Monday,WEEKDAY
2016-02-09,84495.16667,74682.26682,2053,84495.16667,2016,February,9,Tuesday,WEEKDAY
2016-02-10,76661.25003,66379.5636,1825,76661.25003,2016,February,10,Wednesday,WEEKDAY
2016-02-11,64034.94046,55491.33853,1525,64034.94046,2016,February,11,Thursday,WEEKDAY
2016-02-12,148839.9749,129583.4921,3542,148839.9749,2016,February,12,Friday,WEEKDAY
2016-02-13,172541.5079,150538.9837,4105,172541.5079,2016,February,13,Saturday,WEEKEND
2016-02-14,87991.663,76378.50464,2094,87991.663,2016,February,14,Sunday,WEEKEND
2016-02-15,123445.3816,108669.2254,2940,123445.3816,2016,February,15,Monday,WEEKDAY
2016-02-16,77344.69187,68269.24884,1841,77344.69187,2016,February,16,Tuesday,WEEKDAY
2016-02-17,158963.0249,167521.5259,4529,158963.0249,2016,February,17,Wednesday,WEEKDAY
2016-02-18,69598.07115,61492.96831,1658,69598.07115,2016,February,18,Thursday,WEEKDAY
2016-02-19,161275.6022,143446.3583,3841,161275.6022,2016,February,19,Friday,WEEKDAY
2016-02-20,325215.0768,345446.0018,9260,325215.0768,2016,February,20,Saturday,WEEKEND
2016-02-21,96957.29584,86455.49438,2308,96957.29584,2016,February,21,Sunday,WEEKEND
2016-02-22,85224.47709,75960.71802,2028,85224.47709,2016,February,22,Monday,WEEKDAY
2016-02-23,54612.87884,49071.80254,1301,54612.87884,2016,February,23,Tuesday,WEEKDAY
2016-02-24,81530.61238,81738.05644,2213,81530.61238,2016,February,24,Wednesday,WEEKDAY
2016-02-25,160947.5326,162597.4968,4404,160947.5326,2016,February,25,Thursday,WEEKDAY
2016-02-26,188736.2474,183103.2337,4935,188736.2474,2016,February,26,Friday,WEEKDAY
2016-02-27,215951.5079,210032.7881,5609,215951.5079,2016,February,27,Saturday,WEEKEND
2016-02-28,134995.8545,129938.7058,3452,134995.8545,2016,February,28,Sunday,WEEKEND
2016-02-29,163079.378,160332.5894,4270,163079.378,2016,February,29,Monday,WEEKDAY
2016-03-01,180828.6741,182962.337,4719,180828.6741,2016,March,1,Tuesday,WEEKDAY
2016-03-02,171196.1752,174428.6809,4451,171196.1752,2016,March,2,Wednesday,WEEKDAY
2016-03-03,129719.0505,131961.9325,3364,129719.0505,2016,March,3,Thursday,WEEKDAY
2016-03-04,142127.6421,144039.4137,3665,142127.6421,2016,March,4,Friday,WEEKDAY
2016-03-05,152124.4079,153377.512,3889,152124.4079,2016,March,5,Saturday,WEEKEND
2016-03-06,74132.78702,74332.27948,1882,74132.78702,2016,March,6,Sunday,WEEKEND
2016-03-07,91143.02861,95167.52873,2405,91143.02861,2016,March,7,Monday,WEEKDAY
2016-03-08,60528.09336,62342.88117,1577,60528.09336,2016,March,8,Tuesday,WEEKDAY
2016-03-09,38340.59961,35918.33515,913,38340.59961,2016,March,9,Wednesday,WEEKDAY
2016-03-10,37453.00618,35108.20011,892,37453.00618,2016,March,10,Thursday,WEEKDAY
2016-03-11,77997.04501,73051.67554,1855,77997.04501,2016,March,11,Friday,WEEKDAY
2016-03-12,79752.28268,74962.8164,1897,79752.28268,2016,March,12,Saturday,WEEKEND
2016-03-13,37155.58848,34962.8305,883,37155.58848,2016,March,13,Sunday,WEEKEND
2016-03-14,45046.51321,42368.04535,1071,45046.51321,2016,March,14,Monday,WEEKDAY
2016-03-15,55489.33276,52263.05699,1320,55489.33276,2016,March,15,Tuesday,WEEKDAY
2016-03-16,41893.30316,39495.4559,997,41893.30316,2016,March,16,Wednesday,WEEKDAY
2016-03-17,34348.50419,32292.8376,817,34348.50419,2016,March,17,Thursday,WEEKDAY
2016-03-18,78276.83122,73746.75871,1866,78276.83122,2016,March,18,Friday,WEEKDAY
2016-03-19,92851.40266,87451.56618,2211,92851.40266,2016,March,19,Saturday,WEEKEND
2016-03-20,54845.7893,51625.51172,1304,54845.7893,2016,March,20,Sunday,WEEKEND
2016-03-21,48037.7999,45187.64158,1143,48037.7999,2016,March,21,Monday,WEEKDAY
2016-03-22,65905.72326,62023.8813,1573,65905.72326,2016,March,22,Tuesday,WEEKDAY
2016-03-23,84870.0513,81472.82718,2065,84870.0513,2016,March,23,Wednesday,WEEKDAY
2016-03-24,262459.5057,259298.4566,6588,262459.5057,2016,March,24,Thursday,WEEKDAY
2016-03-25,228124.398,222208.3504,5652,228124.398,2016,March,25,Friday,WEEKDAY
2016-03-26,162929.4921,161434.8151,4103,162929.4921,2016,March,26,Saturday,WEEKEND
2016-03-27,58359.83218,57681.56988,1466,58359.83218,2016,March,27,Sunday,WEEKEND
2016-03-28,85605.33192,85022.38092,2162,85605.33192,2016,March,28,Monday,WEEKDAY
2016-03-29,84836.41434,84595.21793,2155,84836.41434,2016,March,29,Tuesday,WEEKDAY
2016-03-30,64308.91422,68427.59467,1746,64308.91422,2016,March,30,Wednesday,WEEKDAY
2016-03-31,131168.4855,138589.1001,3554,131168.4855,2016,March,31,Thursday,WEEKDAY
2016-04-01,232410.198,245358.63,6282,232410.198,2016,April,1,Friday,WEEKDAY
2016-04-02,195831.0975,205442.8281,5259,195831.0975,2016,April,2,Saturday,WEEKEND
2016-04-03,90716.54789,95543.13365,2446,90716.54789,2016,April,3,Sunday,WEEKEND
2016-04-04,131638.0196,130700.1889,3345,131638.0196,2016,April,4,Monday,WEEKDAY
2016-04-05,81910.87262,79969.51055,2048,81910.87262,2016,April,5,Tuesday,WEEKDAY
2016-04-06,54821.90851,50800.00851,1303,54821.90851,2016,April,6,Wednesday,WEEKDAY
2016-04-07,155615.4194,171592.1259,4413,155615.4194,2016,April,7,Thursday,WEEKDAY
2016-04-08,264086.8938,291378.5798,7494,264086.8938,2016,April,8,Friday,WEEKDAY
2016-04-09,272761.2975,298164.4161,7738,272761.2975,2016,April,9,Saturday,WEEKEND
2016-04-10,104689.4279,113609.3043,2958,104689.4279,2016,April,10,Sunday,WEEKEND
2016-04-11,131170.5969,142022.8126,3713,131170.5969,2016,April,11,Monday,WEEKDAY
2016-04-12,123179.4894,132714.9602,3504,123179.4894,2016,April,12,Tuesday,WEEKDAY
2016-04-13,124431.0464,132889.0569,3534,124431.0464,2016,April,13,Wednesday,WEEKDAY
2016-04-14,162166.836,172225.6527,4601,162166.836,2016,April,14,Thursday,WEEKDAY
2016-04-15,354042.0232,373200.306,10045,354042.0232,2016,April,15,Friday,WEEKDAY
2016-04-16,327352.2614,345338.6281,9301,327352.2614,2016,April,16,Saturday,WEEKEND
2016-04-17,164809.303,175167.4288,4678,164809.303,2016,April,17,Sunday,WEEKEND
2016-04-18,151157.7943,159828.765,4294,151157.7943,2016,April,18,Monday,WEEKDAY
2016-04-19,126895.9365,133726.2806,3606,126895.9365,2016,April,19,Tuesday,WEEKDAY
2016-04-20,166395.4458,179020.5425,4838,166395.4458,2016,April,20,Wednesday,WEEKDAY
2016-04-21,167796.3548,182485.0989,4914,167796.3548,2016,April,21,Thursday,WEEKDAY
2016-04-22,351146.017,380098.1564,10269,351146.017,2016,April,22,Friday,WEEKDAY
2016-04-23,420738.8218,455415.3493,12317,420738.8218,2016,April,23,Saturday,WEEKEND
2016-04-24,186166.1508,202391.1787,5453,186166.1508,2016,April,24,Sunday,WEEKEND
2016-04-25,251449.5296,273255.0985,7372,251449.5296,2016,April,25,Monday,WEEKDAY
2016-04-26,280321.8107,302469.832,8211,280321.8107,2016,April,26,Tuesday,WEEKDAY
2016-04-27,313434.9333,337931.117,9182,313434.9333,2016,April,27,Wednesday,WEEKDAY
2016-04-28,257324.6031,276852.1799,7520,257324.6031,2016,April,28,Thursday,WEEKDAY
2016-04-29,455554.336,489215.0675,13321,455554.336,2016,April,29,Friday,WEEKDAY
2016-04-30,556865.2033,598925.6679,16276,556865.2033,2016,April,30,Saturday,WEEKEND
2016-05-01,354856.0449,380511.1592,10388,354856.0449,2016,May,1,Sunday,WEEKEND
2016-05-02,283284.5813,304997.8518,8298,283284.5813,2016,May,2,Monday,WEEKDAY
2016-05-03,297500.674,319786.3595,8717,297500.674,2016,May,3,Tuesday,WEEKDAY
2016-05-04,285968.4878,305506.9982,8364,285968.4878,2016,May,4,Wednesday,WEEKDAY
2016-05-05,237946.6327,254527.4155,6968,237946.6327,2016,May,5,Thursday,WEEKDAY
2016-05-06,340851.5059,364361.0329,9973,340851.5059,2016,May,6,Friday,WEEKDAY
2016-05-07,388187.6014,414644.6235,11363,388187.6014,2016,May,7,Saturday,WEEKEND
2016-05-08,139178.9841,148731.0905,4074,139178.9841,2016,May,8,Sunday,WEEKEND
2016-05-09,66400.30305,57741.73891,1579,66400.30305,2016,May,9,Monday,WEEKDAY
2016-05-10,42723.52446,37112.98506,1016,42723.52446,2016,May,10,Tuesday,WEEKDAY
2016-05-11,35014.39948,30393.74012,832,35014.39948,2016,May,11,Wednesday,WEEKDAY
2016-05-12,27210.40663,23570.15916,647,27210.40663,2016,May,12,Thursday,WEEKDAY
2016-05-13,79840.08825,69078.71414,1898,79840.08825,2016,May,13,Friday,WEEKDAY
2016-05-14,82484.44829,71426.01164,1961,82484.44829,2016,May,14,Saturday,WEEKEND
2016-05-15,51497.23734,44611.93968,1224,51497.23734,2016,May,15,Sunday,WEEKEND
2016-05-16,42871.83287,37139.30826,1019,42871.83287,2016,May,16,Monday,WEEKDAY
2016-05-17,39104.6391,33890.36043,930,39104.6391,2016,May,17,Tuesday,WEEKDAY
2016-05-18,34406.75001,29884.33059,818,34406.75001,2016,May,18,Wednesday,WEEKDAY
2016-05-19,39403.65856,34229.63192,937,39403.65856,2016,May,19,Thursday,WEEKDAY
2016-05-20,96830.90242,83926.0035,2302,96830.90242,2016,May,20,Friday,WEEKDAY
2016-05-21,99380.3946,86179.51339,2363,99380.3946,2016,May,21,Saturday,WEEKEND
2016-05-22,61656.18133,53463.73456,1466,61656.18133,2016,May,22,Sunday,WEEKEND
2016-05-23,69163.55737,59948.43871,1644,69163.55737,2016,May,23,Monday,WEEKDAY
2016-05-24,113112.865,117414.6989,3224,113112.865,2016,May,24,Tuesday,WEEKDAY
2016-05-25,253686.3025,268974.5707,7392,253686.3025,2016,May,25,Wednesday,WEEKDAY
2016-05-26,210305.2919,223289.0846,6138,210305.2919,2016,May,26,Thursday,WEEKDAY
2016-05-27,364087.4243,386499.8964,10624,364087.4243,2016,May,27,Friday,WEEKDAY
2016-05-28,397480.3695,421674.1019,11590,397480.3695,2016,May,28,Saturday,WEEKEND
2016-05-29,204028.1768,216777.3157,5959,204028.1768,2016,May,29,Sunday,WEEKEND
2016-05-30,172797.9351,183715.8072,5048,172797.9351,2016,May,30,Monday,WEEKDAY
2016-05-31,258970.6541,274386.0154,7542,258970.6541,2016,May,31,Tuesday,WEEKDAY
2016-06-01,368789.5726,391923.6596,10761,368789.5726,2016,June,1,Wednesday,WEEKDAY
2016-06-02,278071.3866,295548.2416,8120,278071.3866,2016,June,2,Thursday,WEEKDAY
2016-06-03,373959.362,396324.1787,10896,373959.362,2016,June,3,Friday,WEEKDAY
2016-06-04,402057.2529,426466.1322,11726,402057.2529,2016,June,4,Saturday,WEEKEND
2016-06-05,205719.4532,218408.1821,6007,205719.4532,2016,June,5,Sunday,WEEKEND
2016-06-06,177626.9501,188629.7542,5185,177626.9501,2016,June,6,Monday,WEEKDAY
2016-06-07,70441.90741,60910.7484,1675,70441.90741,2016,June,7,Tuesday,WEEKDAY
2016-06-08,162923.8496,173292.6811,4765,162923.8496,2016,June,8,Wednesday,WEEKDAY
2016-06-09,138752.5276,143791.4781,3953,138752.5276,2016,June,9,Thursday,WEEKDAY
2016-06-10,252458.2622,261502.3818,7190,252458.2622,2016,June,10,Friday,WEEKDAY
2016-06-11,293917.8525,311853.5205,8577,293917.8525,2016,June,11,Saturday,WEEKEND
2016-06-12,138350.1218,143346.6746,3943,138350.1218,2016,June,12,Sunday,WEEKEND
2016-06-13,130067.2756,134950.5665,3707,130067.2756,2016,June,13,Monday,WEEKDAY
2016-06-14,107168.6611,111173.1585,3054,107168.6611,2016,June,14,Tuesday,WEEKDAY
2016-06-15,224030.5544,237934.7342,6541,224030.5544,2016,June,15,Wednesday,WEEKDAY
2016-06-16,201918.2221,209095.5697,5749,201918.2221,2016,June,16,Thursday,WEEKDAY
2016-06-17,329344.2683,341253.3296,9385,329344.2683,2016,June,17,Friday,WEEKDAY
2016-06-18,308642.9772,327672.0415,9012,308642.9772,2016,June,18,Saturday,WEEKEND
2016-06-19,134472.4066,139385.8762,3831,134472.4066,2016,June,19,Sunday,WEEKEND
2016-06-20,143809.7206,148953.9109,4097,143809.7206,2016,June,20,Monday,WEEKDAY
2016-06-21,123252.1511,127533.0093,3509,123252.1511,2016,June,21,Tuesday,WEEKDAY
2016-06-22,40067.15121,34559.08452,953,40067.15121,2016,June,22,Wednesday,WEEKDAY
2016-06-23,143752.7368,155659.5337,4305,143752.7368,2016,June,23,Thursday,WEEKDAY
2016-06-24,389904.0086,422372.5816,11667,389904.0086,2016,June,24,Friday,WEEKDAY
2016-06-25,461280.7856,498910.329,13793,461280.7856,2016,June,25,Saturday,WEEKEND
2016-06-26,221578.6968,240449.6223,6641,221578.6968,2016,June,26,Sunday,WEEKEND
2016-06-27,253702.223,274426.0803,7593,253702.223,2016,June,27,Monday,WEEKDAY
2016-06-28,200616.0762,217104.5797,6007,200616.0762,2016,June,28,Tuesday,WEEKDAY
2016-06-29,211700.8132,229023.8107,6345,211700.8132,2016,June,29,Wednesday,WEEKDAY
2016-06-30,282757.7114,305894.1801,8482,282757.7114,2016,June,30,Thursday,WEEKDAY
2016-07-01,479010.1567,517742.1926,14344,479010.1567,2016,July,1,Friday,WEEKDAY
2016-07-02,454543.2858,490487.0246,13609,454543.2858,2016,July,2,Saturday,WEEKEND
2016-07-03,242185.1807,261534.912,7259,242185.1807,2016,July,3,Sunday,WEEKEND
2016-07-04,281531.6856,304052.477,8431,281531.6856,2016,July,4,Monday,WEEKDAY
2016-07-05,219363.2201,237026.3505,6577,219363.2201,2016,July,5,Tuesday,WEEKDAY
2016-07-06,204005.5822,219722.895,6098,204005.5822,2016,July,6,Wednesday,WEEKDAY
2016-07-07,69579.06846,59598.9178,1654,69579.06846,2016,July,7,Thursday,WEEKDAY
2016-07-08,87184.74003,74654.52042,2073,87184.74003,2016,July,8,Friday,WEEKDAY
2016-07-09,78700.43605,67367.38324,1871,78700.43605,2016,July,9,Saturday,WEEKEND
2016-07-10,39809.55909,34091.56966,946,39809.55909,2016,July,10,Sunday,WEEKEND
2016-07-11,45839.23877,39231.19537,1090,45839.23877,2016,July,11,Monday,WEEKDAY
2016-07-12,36851.76375,31574.32547,876,36851.76375,2016,July,12,Tuesday,WEEKDAY
2016-07-13,33225.67047,28489.0814,790,33225.67047,2016,July,13,Wednesday,WEEKDAY
2016-07-14,30423.39146,26053.79672,723,30423.39146,2016,July,14,Thursday,WEEKDAY
2016-07-15,80345.63766,68788.09454,1910,80345.63766,2016,July,15,Friday,WEEKDAY
2016-07-16,95297.33863,81655.85773,2266,95297.33863,2016,July,16,Saturday,WEEKEND
2016-07-17,45324.05453,38809.8089,1078,45324.05453,2016,July,17,Sunday,WEEKEND
2016-07-18,51604.11841,44222.78448,1227,51604.11841,2016,July,18,Monday,WEEKDAY
2016-07-19,37870.11903,32436.79597,900,37870.11903,2016,July,19,Tuesday,WEEKDAY
2016-07-20,42723.52446,36607.39066,1016,42723.52446,2016,July,20,Wednesday,WEEKDAY
2016-07-21,35169.91581,30133.31864,836,35169.91581,2016,July,21,Thursday,WEEKDAY
2016-07-22,61148.20501,52384.44748,1454,61148.20501,2016,July,22,Friday,WEEKDAY
2016-07-23,77171.7018,66113.83204,1835,77171.7018,2016,July,23,Saturday,WEEKEND
2016-07-24,40881.35491,35019.11264,972,40881.35491,2016,July,24,Sunday,WEEKEND
2016-07-25,43085.59501,36887.36617,1024,43085.59501,2016,July,25,Monday,WEEKDAY
2016-07-26,43894.99343,37604.65842,1044,43894.99343,2016,July,26,Tuesday,WEEKDAY
2016-07-27,67780.72889,58196.14599,1611,67780.72889,2016,July,27,Wednesday,WEEKDAY
2016-07-28,51907.94315,44544.63074,1234,51907.94315,2016,July,28,Thursday,WEEKDAY
2016-07-29,93508.63389,80346.69413,2223,93508.63389,2016,July,29,Friday,WEEKDAY
2016-07-30,95343.59551,81874.28886,2267,95343.59551,2016,July,30,Saturday,WEEKEND
2016-07-31,59514.99233,51145.40334,1415,59514.99233,2016,July,31,Sunday,WEEKEND
2016-08-01,65133.9662,55946.05656,1548,65133.9662,2016,August,1,Monday,WEEKDAY
2016-08-02,70641.25372,60629.553,1679,70641.25372,2016,August,2,Tuesday,WEEKDAY
2016-08-03,48442.17148,41610.78394,1152,48442.17148,2016,August,3,Wednesday,WEEKDAY
2016-08-04,46291.37192,39783.36067,1101,46291.37192,2016,August,4,Thursday,WEEKDAY
2016-08-05,73453.14329,63386.49259,1746,73453.14329,2016,August,5,Friday,WEEKDAY
2016-08-06,71508.89795,61500.57465,1700,71508.89795,2016,August,6,Saturday,WEEKEND
2016-08-07,30066.12618,25872.48835,715,30066.12618,2016,August,7,Sunday,WEEKEND
2016-08-08,37726.6159,32490.13602,897,37726.6159,2016,August,8,Monday,WEEKDAY
2016-08-09,30831.69463,26577.07945,733,30831.69463,2016,August,9,Tuesday,WEEKDAY
2016-08-10,146811.4551,155135.6291,4282,146811.4551,2016,August,10,Wednesday,WEEKDAY
2016-08-11,99867.32962,103826.7014,2867,99867.32962,2016,August,11,Thursday,WEEKDAY
2016-08-12,210664.8628,220379.2767,6082,210664.8628,2016,August,12,Friday,WEEKDAY
2016-08-13,266271.0391,281658.4183,7771,266271.0391,2016,August,13,Saturday,WEEKEND
2016-08-14,123084.0391,129601.5272,3576,123084.0391,2016,August,14,Sunday,WEEKEND
2016-08-15,162727.5248,168580.1706,4649,162727.5248,2016,August,15,Monday,WEEKDAY
2016-08-16,114708.946,119758.0617,3302,114708.946,2016,August,16,Tuesday,WEEKDAY
2016-08-17,122318.9075,128298.3435,3536,122318.9075,2016,August,17,Wednesday,WEEKDAY
2016-08-18,112010.3445,117374.1916,3236,112010.3445,2016,August,18,Thursday,WEEKDAY
2016-08-19,229861.4703,241090.1336,6646,229861.4703,2016,August,19,Friday,WEEKDAY
2016-08-20,249981.2497,262145.1773,7220,249981.2497,2016,August,20,Saturday,WEEKEND
2016-08-21,136480.2491,143734.2272,3958,136480.2491,2016,August,21,Sunday,WEEKEND
2016-08-22,127369.8026,133350.1614,3672,127369.8026,2016,August,22,Monday,WEEKDAY
2016-08-23,43537.72816,37649.38753,1035,43537.72816,2016,August,23,Tuesday,WEEKDAY
2016-08-24,120407.4133,127699.4159,3549,120407.4133,2016,August,24,Wednesday,WEEKDAY
2016-08-25,226375.5431,240429.6855,6647,226375.5431,2016,August,25,Thursday,WEEKDAY
2016-08-26,337900.1782,358772.2504,9908,337900.1782,2016,August,26,Friday,WEEKDAY
2016-08-27,355069.5401,376755.5645,10393,355069.5401,2016,August,27,Saturday,WEEKEND
2016-08-28,153893.6852,163401.3292,4507,153893.6852,2016,August,28,Sunday,WEEKEND
2016-08-29,159625.7409,169479.1061,4672,159625.7409,2016,August,29,Monday,WEEKDAY
2016-08-30,133961.967,142299.9178,3924,133961.967,2016,August,30,Tuesday,WEEKDAY
2016-08-31,236305.1564,250572.4534,6918,236305.1564,2016,August,31,Wednesday,WEEKDAY
2016-09-01,313491.7351,333030.8757,9183,313491.7351,2016,September,1,Thursday,WEEKDAY
2016-09-02,370355.0017,392493.0827,10830,370355.0017,2016,September,2,Friday,WEEKDAY
2016-09-03,369091.0554,391842.5014,10800,369091.0554,2016,September,3,Saturday,WEEKEND
2016-09-04,209026.0197,222163.7289,6119,209026.0197,2016,September,4,Sunday,WEEKEND
2016-09-05,228177.3168,242589.5872,6685,228177.3168,2016,September,5,Monday,WEEKDAY
2016-09-06,154494.782,164108.8264,4519,154494.782,2016,September,6,Tuesday,WEEKDAY
2016-09-07,50736.47417,43830.19685,1206,50736.47417,2016,September,7,Wednesday,WEEKDAY
2016-09-08,43292.14924,37391.68089,1029,43292.14924,2016,September,8,Thursday,WEEKDAY
2016-09-09,77335.9186,69612.1267,1917,77335.9186,2016,September,9,Friday,WEEKDAY
2016-09-10,85070.23489,76591.85292,2108,85070.23489,2016,September,10,Saturday,WEEKEND
2016-09-11,48831.66611,44014.23202,1211,48831.66611,2016,September,11,Sunday,WEEKEND
2016-09-12,52075.15718,46884.14251,1291,52075.15718,2016,September,12,Monday,WEEKDAY
2016-09-13,30424.72626,27398.58813,755,30424.72626,2016,September,13,Tuesday,WEEKDAY
2016-09-14,20495.11303,18375.05261,508,20495.11303,2016,September,14,Wednesday,WEEKDAY
2016-09-15,40742.17168,36464.75981,1010,40742.17168,2016,September,15,Thursday,WEEKDAY
2016-09-16,69864.83699,62545.19068,1733,69864.83699,2016,September,16,Friday,WEEKDAY
2016-09-17,100120.7111,89572.40762,2482,100120.7111,2016,September,17,Saturday,WEEKEND
2016-09-18,49825.09704,44593.79688,1235,49825.09704,2016,September,18,Sunday,WEEKEND
2016-09-19,46566.46205,41660.44043,1155,46566.46205,2016,September,19,Monday,WEEKDAY
2016-09-20,37923.76586,34031.14949,940,37923.76586,2016,September,20,Tuesday,WEEKDAY
2016-09-21,50084.8127,44832.2126,1241,50084.8127,2016,September,21,Wednesday,WEEKDAY
2016-09-22,41885.82828,37565.47859,1039,41885.82828,2016,September,22,Thursday,WEEKDAY
2016-09-23,147503.5732,131964.5158,3657,147503.5732,2016,September,23,Friday,WEEKDAY
2016-09-24,151639.1838,135498.1632,3758,151639.1838,2016,September,24,Saturday,WEEKEND
